"品番","納入先","合格色","不合格色","工場名","発行番号","生地合否判定","合否判定","受付日","製品合否判定","部署","共有メモ","共有チェック"
"F4630WZ/YL-2500B6-B","㈱しまむら","1","","KDW 大連万林進出口有限公司","DL-26-009966","合格","合格","2026/04/21","合格(追試:合格)〈コメント有〉","","","0"
"Y4631ZA","㈱しまむら","1","","","DL-26-011057","合格","合格","2026/05/07","合格","","","0"
"Y4630EA","㈱しまむら","2","","","DL-26-011059","合格","合格","2026/05/07","合格","","","0"
"MB1028V/YL22066","㈱しまむら","3","","KDW 大連万林進出口有限公司","DL-26-011065","合格","合格","2026/05/07","合格(追試:合格)〈コメント有〉","","","0"
"MB1026V/YL22066","㈱しまむら","2","","KDW 大連万林進出口有限公司","DL-26-011067","合格","合格","2026/05/07","合格(追試:合格)〈コメント有〉","","","0"
"C5632WA","㈱しまむら","2","","","DL-26-010062","合格","合格","2026/04/22","","","","0"
"A563GRR/A46300R/A46310R/A56300R/A56310R","㈱しまむら","1","","","DL-26-010674","合格","合格","2026/04/29","","","","0"
"A563LRR/A5630ER","㈱しまむら","3","","","DL-26-010676","合格","合格","2026/05/06","","","","0"
"A563HRR","㈱しまむら","1","","","DL-26-010709","合格","合格","2026/04/30","合格(追試:合格)","","","0"
"A563JRR","㈱しまむら","1","","","DL-26-010723","合格","合格","2026/04/30","合格(追試:合格)","","","0"
"A5634MR","㈱しまむら","","","","DL-26-010743","","合格","2026/04/30","合格(追試:合格)","","","0"
"Y463VMA","㈱しまむら","1","","","DL-26-010863","合格","合格","2026/05/06","合格","","","0"
"X5639RR","㈱しまむら","","","","DL-26-010923","","合格","2026/05/06","合格(追試:合格)","","","0"
"G4631WZ/1010","㈱しまむら","2","","KDW 大連万林進出口有限公司","DL-26-010936","合格","合格","2026/05/06","合格","","","0"
"X4630HR/X4631HR/X4632HR/X5630HR/X5631HR/X5632HR/X4632ER/X0630ER","㈱しまむら","3","","","DL-26-011029","合格","合格","2026/05/07","","","","0"
"A563ERR/A563FRR/A563GRR/A46300R/A46310R/A56310R","㈱しまむら","4","","","DL-26-011105","合格","合格","2026/05/07","","","","0"
"A563DPR","㈱しまむら","1","","","DL-26-010528","合格","合格","2026/04/28","合格(追試:合格)","","","0"
"A563DPR/A563HRR/A563JRR/A563KRR/A563RER/A563SER/A563TER/A563UER/A563QZR/A563CER/A5636PR/A4620ER/A4623PR/A4625RR/A463CER/A4635ER/A5634PR","㈱しまむら","17","","","DL-26-010611","合格","合格","2026/04/29","","","","0"
"X0630ER","㈱しまむら","1","","","DL-26-010670","合格","合格","2026/04/29","","","","0"
"X5638RR","㈱しまむら","","","","DL-26-010727","","合格","2026/04/30","合格(追試:合格)","","","0"
"Y4631EA","㈱しまむら","2","","","DL-26-010758","合格","合格","2026/04/30","合格","","","0"
"X4634WR","㈱しまむら","1","","","DL-26-010763","合格","合格","2026/04/30","合格(追試:合格)","","","0"
"X4633WR","㈱しまむら","1","","","DL-26-010772-1","合格","合格","2026/04/30","","","","0"
"X4633WR","㈱しまむら","1","","","DL-26-010776","合格","合格","2026/04/30","合格(追試:合格)","","","0"
"R2650PZ R2651PZ RU65KPZ","㈱しまむら","2","","","DL-26-010780-1","合格","合格","2026/04/30","","","","0"
"A5634MR/A563DPR/A563HRR/A563JRR/A563KRR/A563RER/A563SER/A563TER/A563UER/A563QZR/A563CER/A5636PR/A4620ER/A4623PR/A4625RR/A463CER/A4635ER/A5634PR/C5632WA","㈱しまむら","17","","","DL-26-011104","合格","合格","2026/05/07","","","","0"
"Z4630ZR","㈱しまむら","1","","","DL-26-010668","合格","合格","2026/04/29","合格(追試:合格)","","","0"
"X4632WR","㈱しまむら","1","","","DL-26-010671","合格","合格","2026/04/29","合格(追試:合格)〈コメント有〉","","","0"
"Z4630TR","㈱しまむら","2","","","DL-26-010315-1","合格","合格","2026/04/29","","","","0"
"Z4630TR","㈱しまむら","1","","","DL-26-010380","合格","合格","2026/04/27","合格(追試:合格)","","","0"
"C9630ZR","㈱しまむら","1","","","DL-26-010488","合格","合格","2026/04/28","合格(追試:合格)","","","0"
"HY1029F/CL-150113","㈱しまむら","1","","KDW 大連万林進出口有限公司","DL-26-010537","合格","合格","2026/04/28","","","","0"
"C4631VA","㈱しまむら","2","","","DL-26-010553","合格","合格","2026/04/28","合格(追試:合格)","","","0"
"X4634WR","㈱しまむら","1","","","DL-26-010089-1","合格","合格","2026/04/28","","","","0"
"Z4630ZR","㈱しまむら","1","","","DL-26-010093-1","合格","合格","2026/04/28","","","","0"
"Z4631ZR","㈱しまむら","1","","","DL-26-010408","合格","合格","2026/04/27","合格(追試:合格)","","","0"
"EM630QZ","㈱しまむら","2","","","DL-26-010239","合格","合格","2026/04/24","合格","","","0"
"ER630QZ","㈱しまむら","","","","DL-26-010263","","合格","2026/04/24","合格","","","0"
"C5638RR","㈱しまむら","","","","DL-26-010279","","合格","2026/04/24","合格","","","0"
"C4630MA(リピート)","㈱しまむら","4","","","DL-26-010285","合格","合格","2026/04/24","合格(追試:合格)〈コメント有〉","","","0"
"C5637RR","㈱しまむら","","","","DL-26-010290","","合格","2026/04/24","合格〈コメント有〉","","","0"
"416508R/416518R/416528R/416538R/416548R/416488R/416498R","㈱しまむら","8","","","DL-26-010356","合格","合格","2026/04/27","","","","0"
"X4632WR","㈱しまむら","1","","","DL-26-010090-1","合格","合格","2026/04/22","","","","0"
"C5639RR","㈱しまむら","","","","DL-26-010173","","合格","2026/04/23","合格","","","0"
"4363G8R","㈱しまむら","1","","","DL-26-010224","合格","合格","2026/04/24","合格(追試:合格)","","","0"
"XR630MA","㈱しまむら","","","","DL-26-009150","","合格","2026/04/21","合格(追試:合格)","","","0"
"4063E8R","㈱しまむら","","","","DL-26-010028","","合格","2026/04/22","合格(追試:合格)","","","0"
"4363D8R","㈱しまむら","","","","DL-26-010036","","合格","2026/04/22","合格(追試:合格)","","","0"
"4363E8R","㈱しまむら","","","","DL-26-010039","","合格","2026/04/22","合格(追試:合格)","","","0"
"4063D8R","㈱しまむら","","","","DL-26-010043","","合格","2026/04/22","合格(追試:合格)","","","0"
"4363DHR","㈱しまむら","1","","","DL-26-010052","合格","合格","2026/04/22","合格(追試:合格)","","","0"
"Z4631ZR","㈱しまむら","1","","","DL-26-010096-1","合格","合格","2026/04/22","","","","0"
"C4631VA/C4638MA/C4639MA","㈱しまむら","2","","","DL-26-009678-1","合格","合格","2026/04/21","","","","0"
"X4631QR","㈱しまむら","2","","","DL-26-009724","合格","合格","2026/04/20","合格(追試:合格)","","","0"
"C5631HA","㈱しまむら","","","","DL-26-009924","","合格","2026/04/21","合格(追試:合格)","","","0"
"C5631DA","㈱しまむら","","","","DL-26-009929","","合格","2026/04/21","合格(追試:合格)","","","0"
"4363F8R","㈱しまむら","","","","DL-26-010001","","合格","2026/04/22","合格(追試:合格)","","","0"
"30631LR","㈱しまむら","2","","","DL-26-010012","合格","合格","2026/04/22","合格(追試:合格)","","","0"
"30630LR","㈱しまむら","2","","","DL-26-010015","合格","合格","2026/04/22","合格(追試:合格)","","","0"
"EM631QZ","㈱しまむら","2","","","DL-26-009716","合格","合格","2026/04/20","合格","","","0"
"X4630QR","㈱しまむら","2","","","DL-26-009744","合格","合格","2026/04/20","合格(追試:合格)","","","0"
"X6624RR","㈱しまむら","","","","DL-26-009612","","合格","2026/04/17","合格(追試:合格)","","","0"
"X4621ER","㈱しまむら","1","","","DL-26-009623","合格","合格","2026/04/17","合格(追試:合格)","","","0"
"X4629RR","㈱しまむら","2","","","DL-26-009632","合格","合格","2026/04/17","合格(追試:合格)","","","0"
"X563DER","㈱しまむら","2","","","DL-26-009636","合格","合格","2026/04/17","合格(追試:合格)","","","0"
"C5630DA","㈱しまむら","3","","","DL-26-009638","合格","合格","2026/04/17","合格(追試:合格)","","","0"
"C5630HA","㈱しまむら","3","","","DL-26-009640","合格","合格","2026/04/17","合格(追試:合格)","","","0"
"C563QMA","㈱しまむら","1","","","DL-26-009652","合格","合格","2026/04/17","合格〈コメント有〉","","","0"
"C563RMA","㈱しまむら","1","","","DL-26-009658","合格","合格","2026/04/17","合格〈コメント有〉","","","0"
"C5631HA/C5631DA","㈱しまむら","8","","","DL-26-009660-1","合格","合格","2026/04/17","","","","0"
"C4636MA","㈱しまむら","1","","","DL-26-009663","合格","合格","2026/04/17","合格(追試:合格)〈コメント有〉","","","0"
"MB1027C/YL22006/YL22066","㈱しまむら","2","","KDW 大連万林進出口有限公司","DL-26-009679-1","合格","合格","2026/04/17","合格(追試:合格)〈コメント有〉","","","0"
"MB1027C/YL22006/YL22066","㈱しまむら","1","","KDW 大連万林進出口有限公司","DL-26-009679-2","合格","合格","2026/04/17","合格(追試:合格)","","","0"
"41650HA","㈱しまむら","1","","","DL-26-009750","合格","合格","2026/04/20","","","","0"
"4363F8R","㈱しまむら","2","","","DL-26-009844","合格","合格","2026/04/20","","","","0"
"X4622RR/X4624RR/X5630RR/X5632RR/X5633RR/X6621RR/X6622RR/X5631WR/X4626RR/X6623RR/X4629RR/X6624RR","㈱しまむら","4","","","DL-26-009911","合格","合格","2026/04/20","","","","0"
"ER630BR","㈱しまむら","","","","DL-26-009145","","合格","2026/04/13","合格","","","0"
"ER630QZ","㈱しまむら","2","","","DL-26-009512","合格","合格","2026/04/16","","","","0"
"C4632MA","㈱しまむら","1","","","DL-26-009840-1","合格","合格","2026/04/17","","","","0"
"C4634MA","㈱しまむら","1","","","DL-26-009841-1","合格","合格","2026/04/17","","","","0"
"X5630QR","㈱しまむら","3","","","DL-26-009010","合格","合格","2026/04/10","合格(追試:合格)","","","0"
"X4631RR/X4632RR/X5637RR/X5638RR/X5639RR","㈱しまむら","3","","","DL-26-009403","合格","合格","2026/04/15","","","","0"
"C563NMA","㈱しまむら","4","","","DL-26-009419","合格","合格","2026/04/15","合格(追試:合格)","","","0"
"C563MMA","㈱しまむら","4","","","DL-26-009423","合格","合格","2026/04/15","合格(追試:合格)","","","0"
"C4635MA","㈱しまむら","1","","","DL-26-009441","合格","合格","2026/04/15","合格(追試:合格)〈コメント有〉","","","0"
"4063E8R","㈱しまむら","1","","","DL-26-009481","合格","合格","2026/04/16","","","","0"
"41650HA","㈱しまむら","1","","","DL-26-009482","合格","合格","2026/04/16","","","","0"
"X4630HR/X4631HR/X4632HR/X5630HR/X5631HR/X5632HR/X4632ER/X4630QR/X5630QR","㈱しまむら","3","","","DL-26-009630","合格","合格","2026/04/16","","","","0"
"MB1025C/YL22006/YL220066/迷彩","㈱しまむら","1","","KDW 大連万林進出口有限公司","DL-26-009183-1","合格","合格","2026/04/13","合格(追試:合格)〈コメント有〉","","","0"
"MB1025C/YL22006/YL220066/迷彩","㈱しまむら","1","","KDW 大連万林進出口有限公司","DL-26-009183-2","合格","合格","2026/04/13","合格(追試:合格)","","","0"
"MB1025C/YL22006/YL220066/迷彩","㈱しまむら","1","","KDW 大連万林進出口有限公司","DL-26-009183-3","合格","合格","2026/04/13","合格〈コメント有〉","","","0"
"Z5630HA","㈱しまむら","","","","DL-26-009323","","合格","2026/04/14","合格(追試:合格)〈コメント有〉","","","0"
"EM631UR/ER630UR/ER631UR/EM630QZ/ER630QZ","㈱しまむら","6","","","DL-26-009343","合格","合格","2026/04/14","","","","0"
"EM630UR/EM631QZ","㈱しまむら","5","","","DL-26-009347","合格","合格","2026/04/14","","","","0"
"Y463VMA/Y463WMA/Y4630EA/Y4631EA/Y4631ZA/Y4632ZA/Y4633ZA","㈱しまむら","3","","","DL-26-009353-1","合格","合格","2026/04/14","","","","0"
"C563LMA","㈱しまむら","1","","","DL-26-009090","合格","合格","2026/04/13","合格〈コメント有〉","","","0"
"41650HA","㈱しまむら","3","","","DL-26-009092","合格","合格","2026/04/13","","","","0"
"C5530VA","㈱しまむら","1","","","DL-26-009095","合格","合格","2026/04/13","合格(追試:合格)","","","0"
"C5531VA","㈱しまむら","1","","","DL-26-009108","合格","合格","2026/04/13","合格(追試:合格)","","","0"
"C4630VA","㈱しまむら","1","","","DL-26-009113","合格","合格","2026/04/13","合格(追試:合格)〈コメント有〉","","","0"
"Z4630QR","㈱しまむら","1","","","DL-26-009115","合格","合格","2026/04/13","合格(追試:合格)","","","0"
"ER630LR","㈱しまむら","","","","DL-26-009117","","合格","2026/04/13","合格","","","0"
"40635LR","㈱しまむら","","","","DL-26-009121","","合格","2026/04/13","合格(追試:合格)","","","0"
"ER633YR","㈱しまむら","","","","DL-26-009128","","合格","2026/04/13","合格","","","0"
"A563ERR","㈱しまむら","2","","","DL-26-009132","合格","合格","2026/04/13","合格(追試:合格)","","","0"
"456521R","㈱しまむら","","","","DL-26-009134","","合格","2026/04/13","合格(追試:合格)","","","0"
"ER632YR","㈱しまむら","","","","DL-26-009137","","合格","2026/04/13","合格","","","0"
"456511R","㈱しまむら","","","","DL-26-009140","","合格","2026/04/13","合格(追試:合格)","","","0"
"416468R","㈱しまむら","2","","","DL-26-009159","合格","合格","2026/04/13","合格(追試:合格)","","","0"
"E1630UR","㈱しまむら","3","","","DL-26-009293","合格","合格","2026/04/14","合格(追試:合格)","","","0"
"E1631UR","㈱しまむら","1","","","DL-26-009295","合格","合格","2026/04/14","合格(追試:合格)","","","0"
"E4633UR","㈱しまむら","1","","","DL-26-009297","合格","合格","2026/04/14","合格(追試:合格)","","","0"
"E4632UR","㈱しまむら","3","","","DL-26-009302","合格","合格","2026/04/14","合格(追試:合格)","","","0"
"C4637MA","㈱しまむら","1","","","DL-26-009345","合格","合格","2026/04/14","合格(追試:合格)〈コメント有〉","","","0"
"42630HR","㈱しまむら","1","","","DL-26-008439","合格","合格","2026/04/03","合格(追試:合格)","","","0"
"42630GR","㈱しまむら","1","","","DL-26-008441","合格","合格","2026/04/03","合格(追試:合格)","","","0"
"EM632YR","㈱しまむら","3","","","DL-26-008934","合格","合格","2026/04/10","合格","","","0"
"A563DZR","㈱しまむら","2","","","DL-26-008940","合格","合格","2026/04/10","合格(追試:合格)","","","0"
"A563FZR","㈱しまむら","","","","DL-26-008947","","合格","2026/04/10","合格(追試:合格)","","","0"
"A563EZR","㈱しまむら","","","","DL-26-008956","","合格","2026/04/10","合格(追試:合格)","","","0"
"A563GZR","㈱しまむら","2","","","DL-26-008963","合格","合格","2026/04/10","合格(追試:合格)","","","0"
"456501R","㈱しまむら","","","","DL-26-008972","","合格","2026/04/10","合格(追試:合格)","","","0"
"EM633YR","㈱しまむら","3","","","DL-26-008975","合格","合格","2026/04/10","合格","","","0"
"416478R","㈱しまむら","2","","","DL-26-008979","合格","合格","2026/04/10","合格(追試:合格)","","","0"
"4263AHR","㈱しまむら","1","","","DL-26-008981","合格","合格","2026/04/10","合格(追試:合格)","","","0"
"40658PH/40651HH","㈱しまむら","2","","","DL-26-009027","合格","合格","2026/04/13","","","","0"
"30630LR","㈱しまむら","1","","","DL-26-009060","合格","合格","2026/04/13","","","","0"
"40633LR","㈱しまむら","","","","DL-26-009161","","合格","2026/04/13","合格(追試:合格)","","","0"
"40634LR","㈱しまむら","","","","DL-26-009163","","合格","2026/04/13","合格(追試:合格)","","","0"
"C9630ZR","㈱しまむら","2","","","DL-26-009217","合格","合格","2026/04/13","","","","0"
"40630LR/40633LR/40634LR/40635LR","㈱しまむら","6","","","DL-26-009239","合格","合格","2026/04/13","","","","0"
"X4631QR","㈱しまむら","1","","","DL-26-008835","合格","合格","2026/04/09","","","","0"
"C563MMA/C563NMA/C5630DA/C5630HA","㈱しまむら","3","","","DL-26-008838","合格","合格","2026/04/09","","","","0"
"A563MER","㈱しまむら","2","","","DL-26-008839","合格","合格","2026/04/09","合格(追試:合格)","","","0"
"E1630UR E1631UR E4632UR E4633UR","㈱しまむら","3","","","DL-26-008843","合格","合格","2026/04/09","","","","0"
"A563FRR","㈱しまむら","2","","","DL-26-008849","合格","合格","2026/04/09","合格(追試:合格)","","","0"
"A563NER","㈱しまむら","2","","","DL-26-008858","合格","合格","2026/04/09","合格(追試:合格)","","","0"
"C563KMA","㈱しまむら","1","","","DL-26-008870","合格","合格","2026/04/09","合格〈コメント有〉","","","0"
"C9630ZR","㈱しまむら","2","","","DL-26-008881-1","合格","合格","2026/04/09","","","","0"
"FR0002F/ACY11957","㈱しまむら","1","","KDW 大連万林進出口有限公司","DL-26-008890","合格","合格","2026/04/09","合格(追試:合格)〈コメント有〉","","","0"
"FR0001F/ACY11957","㈱しまむら","1","","KDW 大連万林進出口有限公司","DL-26-008892","合格","合格","2026/04/09","合格(追試:合格)〈コメント有〉","","","0"
"MB1024C/SM220527","㈱しまむら","1","","KDW 大連万林進出口有限公司","DL-26-008894","合格","合格","2026/04/09","合格(追試:合格)","","","0"
"X563DER/X4621ER/X4629RR/X6624RR","㈱しまむら","3","","","DL-26-008905","合格","合格","2026/04/09","","","","0"
"66632YR","㈱しまむら","2","","","DL-26-009009","合格","合格","2026/04/10","","","","0"
"ER632YR/ER630EZ/ER630LZ/ER630YZ/ER631LZ/ER631YZ/ER630BZ/ER631BZ/ER632BZ/ER633BZ/ER630LR/EM631BR/ER631BR/ER630BR","㈱しまむら","11","","","DL-26-009165","合格","合格","2026/04/10","","","","0"
"X5636RR","㈱しまむら","","","","DL-26-008394","","合格","2026/04/02","合格","","","0"
"X4628RR","㈱しまむら","2","","","DL-26-008402","合格","合格","2026/04/02","合格","","","0"
"A563ERR/A563FRR","㈱しまむら","4","","","DL-26-008638","合格","合格","2026/04/07","","","","0"
"C4630MA(リピート)","㈱しまむら","4","","","DL-26-008673-1","合格","合格","2026/04/08","","","","0"
"C563RMA/C563QMA","㈱しまむら","8","","","DL-26-008678-1","合格","合格","2026/04/08","","","","0"
"A563APR","㈱しまむら","2","","","DL-26-008716","合格","合格","2026/04/08","合格(追試:合格)","","","0"
"Z4630QR","㈱しまむら","2","","","DL-26-008777-1","合格","合格","2026/04/08","","","","0"
"X5636RR/X4628RR","㈱しまむら","3","","","DL-26-008783-1","合格","合格","2026/04/08","","","","0"
"42630ZR","㈱しまむら","1","","","DL-26-008791","合格","合格","2026/04/09","","","","0"
"EM630MT/EM631YR/EM630YR/EM630BZ/EM631BZ/EM630EZ/EM630YZ/EM631YZ/EM630LZ/EM631LZ/EM630BR/EM630ER/EM630LR/EM631ER/EM632YR/EM633YR","㈱しまむら","13","","","DL-26-009008","合格","合格","2026/04/09","","","","0"
"4063CHA","㈱しまむら","1","","","DL-26-008546","合格","合格","2026/04/07","合格(追試:合格)","","","0"
"40630LR","㈱しまむら","","","","DL-26-008548","","合格","2026/04/07","合格(追試:合格)","","","0"
"A563APR/A563EZR/A563FZR/A563GZR/A563DZR/A563MER/A563NER","㈱しまむら","9","","","DL-26-008555","合格","合格","2026/04/07","","","","0"
"X5633ER","㈱しまむら","","","","DL-26-008603","","合格","2026/04/07","合格(追試:合格)","","","0"
"X4620ER","㈱しまむら","1","","","DL-26-008613","合格","合格","2026/04/07","合格(追試:合格)","","","0"
"EM631ER","㈱しまむら","2","","","DL-26-008615","合格","合格","2026/04/07","合格","","","0"
"EM630BR","㈱しまむら","2","","","DL-26-008619","合格","合格","2026/04/07","合格","","","0"
"EM630LR","㈱しまむら","2","","","DL-26-008624","合格","合格","2026/04/07","合格","","","0"
"X5631MR A5620DR A5620WR A5623PR A5623RR A5624ER A5624RR A5625ER A5625RR A5626ER/A5626RR A5627ER/A5621MR  A5622RR/A5623ER C563MMA C563NMA KING C563NMA C5630DA  C5630HA","㈱しまむら","12","","","DL-26-008906","合格","合格","2026/04/08","","","","0"
"X5636ER","㈱しまむら","2","","","DL-26-008327","合格","合格","2026/04/02","合格(追試:合格)","","","0"
"X4631ER","㈱しまむら","1","","","DL-26-008435","合格","合格","2026/04/03","合格(追試:合格)","","","0"
"X4630ER","㈱しまむら","1","","","DL-26-008446","合格","合格","2026/04/03","合格(追試:合格)","","","0"
"Z5630QR","㈱しまむら","","","","DL-26-008481","","合格","2026/04/03","合格〈コメント有〉","","","0"
"30631LR","㈱しまむら","1","","","DL-26-008510","合格","合格","2026/04/07","","","","0"
"4063E8R/4363E8R/4363D8R/4063D8R","㈱しまむら","3","","","DL-26-008513","合格","合格","2026/04/07","","","","0"
"456521R","㈱しまむら","1","","","DL-26-008520","合格","合格","2026/04/07","","","","0"
"CL1000G/HS194005B","㈱しまむら","2","","KDW 大連万林進出口有限公司","DL-26-008152","合格","合格","2026/03/31","合格(追試:合格)〈コメント有〉","","","0"
"X5632ER","㈱しまむら","2","","","DL-26-008321","合格","合格","2026/04/02","合格(追試:合格)","","","0"
"X5631ER","㈱しまむら","3","","","DL-26-008324","合格","合格","2026/04/02","合格(追試:合格)","","","0"
"3163A0R","㈱しまむら","","","","DL-26-008348-1","","合格","2026/04/02","合格","","","0"
"3163A0R","㈱しまむら","","","","DL-26-008348-2","","合格","2026/04/02","合格〈コメント有〉","","","0"
"3163A0R","㈱しまむら","","","","DL-26-008348-3","","合格","2026/04/02","合格","","","0"
"3163A0R","㈱しまむら","","","","DL-26-008348-4","","合格","2026/04/02","合格","","","0"
"X5634ER","㈱しまむら","","","","DL-26-008357","","合格","2026/04/02","合格(追試:合格)","","","0"
"456511R","㈱しまむら","2","","","DL-26-008410","合格","合格","2026/04/03","","","","0"
"3563A0R","㈱しまむら","","","","DL-26-008431-1","","合格","2026/04/03","合格","","","0"
"3563A0R","㈱しまむら","","","","DL-26-008431-2","","合格","2026/04/03","合格","","","0"
"X5639ER","㈱しまむら","2","","","DL-26-008098","合格","合格","2026/04/01","合格","","","0"
"F4633QZ/LBS1717P-3","㈱しまむら","2","","KDW 大連万林進出口有限公司","DL-26-008125-1","合格","合格","2026/03/31","合格(追試:合格)","","","0"
"X4627RR","㈱しまむら","1","","","DL-26-008140","合格","合格","2026/03/31","合格","","","0"
"X5630HR","㈱しまむら","","","","DL-26-008212","","合格","2026/04/01","合格(追試:合格)","","","0"
"X5632HR","㈱しまむら","","","","DL-26-008214","","合格","2026/04/01","合格","","","0"
"X5631HR","㈱しまむら","","","","DL-26-008221","","合格","2026/04/01","合格(追試:合格)","","","0"
"ER630YZ","㈱しまむら","","","","DL-26-008235","","合格","2026/04/01","合格","","","0"
"X563BER","㈱しまむら","2","","","DL-26-008239","合格","合格","2026/04/01","合格(追試:合格)","","","0"
"ER631YZ","㈱しまむら","","","","DL-26-008250","","合格","2026/04/01","合格","","","0"
"X4632ER KING","㈱しまむら","1","","","DL-26-008362","合格","合格","2026/04/02","","","","0"
"X4620ER/X4631ER/X5634ER/X4632ER KING","㈱しまむら","1","","","DL-26-008363","合格","合格","2026/04/02","","","","0"
"EM630EZ","㈱しまむら","2","","","DL-26-007942","合格","合格","2026/03/30","合格","","","0"
"EM632YR/EM633YR","㈱しまむら","3","","","DL-26-008051","合格","合格","2026/03/31","","","","0"
"ER631BR","㈱しまむら","","","","DL-26-008106","","合格","2026/03/31","合格","","","0"
"EM631BR","㈱しまむら","1","","","DL-26-008112","合格","合格","2026/03/31","合格","","","0"
"EM630ER","㈱しまむら","2","","","DL-26-008114","合格","合格","2026/03/31","合格","","","0"
"300TタフタRYN/228TナイロンタスロンRYN","㈱しまむら","2","","","DL-26-008124","合格","合格","2026/03/31","","","","0"
"CL1001G/THB356","㈱しまむら","","","KDW 大連万林進出口有限公司","DL-26-008133","","合格","2026/03/31","合格(追試:合格)","","","0"
"410045X/CL-230550","㈱しまむら","5","","KDW 大連万林進出口有限公司","DL-26-008145","合格","合格","2026/03/31","合格(追試:合格)〈コメント有〉","","","0"
"C5637RR","㈱しまむら","2","","","DL-26-008164-1","合格","合格","2026/03/31","","","","0"
"C563KMA/C563LMA","㈱しまむら","10","","","DL-26-008165-1","合格","合格","2026/03/31","","","","0"
"X4630ER/X5630ER/X5631ER/X5632ER/X5633ER/X5635ER/X5635ER KING/X5636ER/X5636ER KING/X5637ER/X5637ER KING/X5638ER.X5638ER KING/X5639ER/X563AER KING/X563BER KING/X563BER KING","㈱しまむら","3","","","DL-26-008351","合格","合格","2026/04/01","","","","0"
"ER632YR/ER633YR","㈱しまむら","5","","","DL-26-007841","合格","合格","2026/03/30","","","","0"
"C5638RR","㈱しまむら","2","","","DL-26-007846-1","合格","合格","2026/03/30","","","","0"
"C5639RR","㈱しまむら","2","","","DL-26-007869-1","合格","合格","2026/03/30","","","","0"
"Z5632ZA","㈱しまむら","","","","DL-26-007888","","合格","2026/03/30","合格(追試:合格)〈コメント有〉","","","0"
"A4623ER","㈱しまむら","3","","","DL-26-007890","合格","合格","2026/03/30","合格(追試:合格)","","","0"
"ER631LZ","㈱しまむら","","","","DL-26-007914","","合格","2026/03/30","合格","","","0"
"X6623RR","㈱しまむら","","","","DL-26-007918","","合格","2026/03/30","合格(追試:合格)","","","0"
"EM631YZ","㈱しまむら","2","","","DL-26-007928","合格","合格","2026/03/30","合格","","","0"
"Z5633ZA","㈱しまむら","","","","DL-26-007930","","合格","2026/03/30","合格(追試:合格)〈コメント有〉","","","0"
"EM630LZ","㈱しまむら","2","","","DL-26-007932","合格","合格","2026/03/30","合格","","","0"
"Z5634ZA","㈱しまむら","","","","DL-26-007934","","合格","2026/03/30","合格(追試:合格)〈コメント有〉","","","0"
"EM630YZ","㈱しまむら","2","","","DL-26-007938","合格","合格","2026/03/30","合格","","","0"
"F4632QZ","㈱しまむら","3","","KDW 大連万林進出口有限公司","DL-26-007965-1","合格","合格","2026/03/30","合格(追試:合格)","","","0"
"洗濯ネーム","㈱しまむら","1","","KDW 大連万林進出口有限公司","DL-26-007973","合格","合格","2026/03/30","","","","0"
"40630HR","㈱しまむら","3","","","DL-26-008072","合格","合格","2026/03/31","合格(追試:合格)","","","0"
"40631HR","㈱しまむら","2","","","DL-26-008090","合格","合格","2026/03/31","合格(追試:合格)〈コメント有〉","","","0"
"FR0001F/FR0002F/ACY11957","㈱しまむら","1","","KDW 大連万林進出口有限公司","DL-26-006589","合格","合格","2026/03/16","","","","0"
"ER630EZ","㈱しまむら","","","","DL-26-007688","","合格","2026/03/27","合格","","","0"
"X4630HR","㈱しまむら","1","","","DL-26-007691","合格","合格","2026/03/27","合格(追試:合格)","","","0"
"X4631HR","㈱しまむら","1","","","DL-26-007695","合格","合格","2026/03/27","合格(追試:合格)","","","0"
"X4632HR","㈱しまむら","2","","","DL-26-007698","合格","合格","2026/03/27","合格(追試:合格)","","","0"
"ER630LZ","㈱しまむら","","","","DL-26-007702","","合格","2026/03/27","合格","","","0"
"X5638ER","㈱しまむら","3","","","DL-26-007716","合格","合格","2026/03/27","合格(追試:合格)","","","0"
"X5635ER","㈱しまむら","4","","","DL-26-007729","合格","合格","2026/03/27","合格(追試:合格)","","","0"
"3663AHR","㈱しまむら","2","","","DL-26-007733","合格","合格","2026/03/27","合格〈コメント有〉","","","0"
"XR632ER","㈱しまむら","","","","DL-26-007735","","合格","2026/03/27","合格(追試:合格)","","","0"
"XR630ER","㈱しまむら","","","","DL-26-007740","","合格","2026/03/27","合格(追試:合格)","","","0"
"XR631ER","㈱しまむら","","","","DL-26-007747","","合格","2026/03/27","合格(追試:合格)","","","0"
"3163AHR","㈱しまむら","","","","DL-26-007750","","合格","2026/03/27","合格〈コメント有〉","","","0"
"4063C8R","㈱しまむら","2","","","DL-26-007754","合格","合格","2026/03/27","合格(追試:合格)〈コメント有〉","","","0"
"4063B8R","㈱しまむら","2","","","DL-26-007756","合格","合格","2026/03/27","合格(追試:合格)","","","0"
"410044X/CL-230550","㈱しまむら","5","","KDW 大連万林進出口有限公司","DL-26-007795","合格","合格","2026/03/27","合格(追試:合格)〈コメント有〉","","","0"
"4363DHR/4363G8R","㈱しまむら","4","","","DL-26-007833","合格","合格","2026/03/30","","","","0"
"4263AHR","㈱しまむら","3","","","DL-26-007858","合格","合格","2026/03/30","","","","0"
"X5635RR","㈱しまむら","1","","","DL-26-007655","合格","合格","2026/03/26","合格","","","0"
"C4621MA","㈱しまむら","3","","","DL-26-007662","合格","合格","2026/03/26","合格(追試:合格)〈コメント有〉","","","0"
"40633LR/40634LR/40635LR","㈱しまむら","3","","","DL-26-007685","合格","合格","2026/03/27","","","","0"
"42630HR/42630GR","㈱しまむら","2","","","DL-26-007689","合格","合格","2026/03/27","","","","0"
"X4630HR/X4631HR/X4632HR/X5630HR/X5631HR/X5632HR/X4632ER/X5635ER/X5636ER/X5637ER/X5638ER/X5639ER/X563AER/X563BER","㈱しまむら","3","","","DL-26-007980","合格","合格","2026/03/27","","","","0"
"3563A0R 3163A0R","㈱しまむら","1","","","DL-26-007551","合格","合格","2026/03/26","","","","0"
"A4625ER","㈱しまむら","2","","","DL-26-007156","合格","合格","2026/03/23","合格(追試:合格)","","","0"
"300TタフタRYN/228TナイロンタスロンRYN","㈱しまむら","2","","","DL-26-007327","合格","合格","2026/03/24","","","","0"
"XM630EA","㈱しまむら","1","","","DL-26-007353","合格","合格","2026/03/24","合格(追試:合格)〈コメント有〉","","","0"
"XM630MA","㈱しまむら","1","","","DL-26-007359","合格","合格","2026/03/24","合格(追試:合格)〈コメント有〉","","","0"
"X563AER","㈱しまむら","1","","","DL-26-007176","合格","合格","2026/03/23","合格(追試:合格)","","","0"
"44630GR","㈱しまむら","","","","DL-26-007182","","合格","2026/03/23","合格(追試:合格)〈コメント有〉","","","0"
"X5630ER","㈱しまむら","2","","","DL-26-007191","合格","合格","2026/03/23","合格","","","0"
"44630HR","㈱しまむら","","","","DL-26-007204","","合格","2026/03/23","合格(追試:合格)","","","0"
"4063DHR","㈱しまむら","","","","DL-26-007206","","合格","2026/03/23","合格(追試:合格)","","","0"
"40631GR","㈱しまむら","","","","DL-26-007209","","合格","2026/03/23","合格(追試:合格)〈コメント有〉","","","0"
"40630GR","㈱しまむら","","","","DL-26-007211","","合格","2026/03/23","合格(追試:合格)","","","0"
"40632GA","㈱しまむら","1","","","DL-26-007213","合格","合格","2026/03/23","合格(追試:合格)","","","0"
"40630LR/40633LR/40634LR/40635LR","㈱しまむら","2","","","DL-26-007220","合格","合格","2026/03/23","","","","0"
"CL1001G/麻調合織/THB356","㈱しまむら","2","","KDW 大連万林進出口有限公司","DL-26-007255","合格","合格","2026/03/23","","","","0"
"A4623ER/A4625ER","㈱しまむら","4","","","DL-26-006701","合格","合格","2026/03/20","","","","0"
"X4620ER/X4631ER/X5634ER","㈱しまむら","1","","","DL-26-007087","合格","合格","2026/03/23","","","","0"
"3163AHR 3163A0R 3563A0R 3663AHR","㈱しまむら","7","","","DL-26-007099","合格","合格","2026/03/23","","","","0"
"42630HR 42630ZR 42630GR","㈱しまむら","3","","","DL-26-007101","合格","合格","2026/03/23","","","","0"
"4063C8R","㈱しまむら","4","","","DL-26-007102","合格","合格","2026/03/23","","","","0"
"456501R","㈱しまむら","1","","","DL-26-007126","合格","合格","2026/03/23","","","","0"
"4063B8R","㈱しまむら","4","","","DL-26-007127","合格","合格","2026/03/23","","","","0"
"X5637ER","㈱しまむら","2","","","DL-26-006741","合格","合格","2026/03/19","合格","","","0"
"4363C8R","㈱しまむら","","","","DL-26-006929","","合格","2026/03/19","合格(追試:合格)","","","0"
"66636AR","㈱しまむら","","","","DL-26-006932","","合格","2026/03/19","合格(追試:合格)〈コメント有〉","","","0"
"Z5632ZA/Z5633ZA/Z5634ZA/Z5637ZQ/Z5630HA","㈱しまむら","6","","","DL-26-006957-1","合格","合格","2026/03/19","","","","0"
"C4620MA","㈱しまむら","2","","","DL-26-006826","合格","合格","2026/03/18","合格(追試:合格)〈コメント有〉","","","0"
"40630LR 40633LR 40634LR 40635LR","㈱しまむら","1","","","DL-26-006871","合格","合格","2026/03/19","","","","0"
"4363B8R","㈱しまむら","","","","DL-26-006917","","合格","2026/03/19","合格(追試:合格)","","","0"
"44630HA","㈱しまむら","1","","","DL-26-006922","合格","合格","2026/03/19","合格","","","0"
"X5635RR","㈱しまむら","1","","","DL-26-006961","合格","合格","2026/03/19","","","","0"
"X4631WR","㈱しまむら","2","","","DL-26-006529","合格","合格","2026/03/18","合格(追試:合格)","","","0"
"66633ER","㈱しまむら","","","","DL-26-006666","","合格","2026/03/17","合格(追試:合格)","","","0"
"66634JR","㈱しまむら","","","","DL-26-006670","","合格","2026/03/17","合格(追試:合格)〈コメント有〉","","","0"
"66635AR","㈱しまむら","","","","DL-26-006675","","合格","2026/03/17","合格(追試:合格)","","","0"
"430022L/HS224019BT","㈱しまむら","","","KDW 大連万林進出口有限公司","DL-26-006696-1","","合格","2026/03/17","合格(追試:合格)","","","0"
"430022L/HS224019BT","㈱しまむら","","","KDW 大連万林進出口有限公司","DL-26-006696-2","","合格","2026/03/17","合格(追試:合格)〈コメント有〉","","","0"
"XM630ER","㈱しまむら","1","","","DL-26-006722","合格","合格","2026/03/17","合格(追試:合格)","","","0"
"Z5630QR","㈱しまむら","8","","","DL-26-006723-1","合格","合格","2026/03/17","","","","0"
"XM631ER","㈱しまむら","1","","","DL-26-006725","合格","合格","2026/03/17","合格(追試:合格)〈コメント有〉","","","0"
"XM633ER","㈱しまむら","1","","","DL-26-006728","合格","合格","2026/03/17","合格(追試:合格)〈コメント有〉","","","0"
"XM632ER","㈱しまむら","1","","","DL-26-006734","合格","合格","2026/03/17","合格(追試:合格)〈コメント有〉","","","0"
"ER631YR","㈱しまむら","","","","DL-26-006391","","合格","2026/03/13","合格","","","0"
"ER630YR","㈱しまむら","","","","DL-26-006395","","合格","2026/03/13","合格","","","0"
"ER631BZ","㈱しまむら","","","","DL-26-006406","","合格","2026/03/13","合格","","","0"
"4063CHR","㈱しまむら","1","","","DL-26-006502","合格","合格","2026/03/16","合格(追試:合格)","","","0"
"X4632ER","㈱しまむら","1","","","DL-26-006546","合格","合格","2026/03/16","合格(追試:合格)〈コメント有〉","","","0"
"Y5635WR","㈱しまむら","3","","","DL-26-006548","合格","合格","2026/03/16","合格(追試:合格)","","","0"
"FR0001F/FR0002F/ACY11957","㈱しまむら","1","","KDW 大連万林進出口有限公司","DL-26-006590","合格","合格","2026/03/16","","","","0"
"ER632BZ","㈱しまむら","","","","DL-26-006386","","合格","2026/03/13","合格","","","0"
"ER633BZ","㈱しまむら","","","","DL-26-006389","","合格","2026/03/13","合格","","","0"
"ER630EZ/ER630LZ/ER630YZ/ER631LZ/ER631YZ/ER630BZ/ER631BZ/ER632BZ/ER633BZ/ER630LR/EM631BR/ER631BR/ER630BR","㈱しまむら","4","","","DL-26-006405","合格","合格","2026/03/13","","","","0"
"ER630BZ","㈱しまむら","2","","","DL-26-006408","合格","合格","2026/03/13","合格","","","0"
"40630GR","㈱しまむら","1","","","DL-26-006463","合格","合格","2026/03/16","","","","0"
"40632GA","㈱しまむら","3","","","DL-26-006470","合格","合格","2026/03/16","","","","0"
"C5635RR","㈱しまむら","","","","DL-26-006194","","合格","2026/03/11","合格〈コメント有〉","","","0"
"C5636RR","㈱しまむら","","","","DL-26-006200","","合格","2026/03/11","合格","","","0"
"76636VR","㈱しまむら","","","","DL-26-006270","","合格","2026/03/12","合格(追試:合格)","","","0"
"666309R","㈱しまむら","","","","DL-26-006275","","合格","2026/03/12","合格(追試:合格)","","","0"
"76633VR","㈱しまむら","","","","DL-26-006277","","合格","2026/03/12","合格(追試:合格)","","","0"
"G4630JR/1010","㈱しまむら","2","","KDW 大連万林進出口有限公司","DL-26-006316","合格","合格","2026/03/12","合格","","","0"
"F4630KZ/260T","㈱しまむら","4","","KDW 大連万林進出口有限公司","DL-26-006323","合格","合格","2026/03/12","合格","","","0"
"C5635RR","㈱しまむら","2","","","DL-26-006114-1","合格","合格","2026/03/11","","","","0"
"C4621MA/C4636MA/C4620MA/C4635MA/C4637MA/C4630VA","㈱しまむら","3","","","DL-26-006125-1","合格","合格","2026/03/11","","","","0"
"C5634RR","㈱しまむら","","","","DL-26-006154","","合格","2026/03/11","合格〈コメント有〉","","","0"
"30630ER","㈱しまむら","2","","","DL-26-006208","合格","合格","2026/03/11","合格〈コメント有〉","","","0"
"4063CHA","㈱しまむら","1","","","DL-26-006229","合格","合格","2026/03/12","","","","0"
"4363C8R","㈱しまむら","1","","","DL-26-006235","合格","合格","2026/03/12","","","","0"
"66635AR","㈱しまむら","1","","","DL-26-006236","合格","合格","2026/03/12","","","","0"
"40632HA","㈱しまむら","2","","","DL-26-002473","合格","合格","2026/03/11","","","","0"
"40632HA","㈱しまむら","1","","","DL-26-004636","合格","合格","2026/03/11","合格(追試:合格)","","","0"
"430021L/HS224019BT","㈱しまむら","","","KDW 大連万林進出口有限公司","DL-26-006098-1","","合格","2026/03/10","合格(追試:合格)","","","0"
"430021L/HS224019BT","㈱しまむら","","","KDW 大連万林進出口有限公司","DL-26-006098-2","","合格","2026/03/10","合格(追試:合格)〈コメント有〉","","","0"
"430020L/HS224019BT","㈱しまむら","","","KDW 大連万林進出口有限公司","DL-26-006101-1","","合格","2026/03/10","合格(追試:合格)〈コメント有〉","","","0"
"430020L/HS224019BT","㈱しまむら","","","KDW 大連万林進出口有限公司","DL-26-006101-2","","合格","2026/03/10","合格(追試:合格)","","","0"
"66632YR","㈱しまむら","","","","DL-26-005927","","合格","2026/03/09","合格(追試:合格)","","","0"
"EM630YR","㈱しまむら","1","","","DL-26-005938","合格","合格","2026/03/09","合格","","","0"
"EM631YR","㈱しまむら","1","","","DL-26-005942","合格","合格","2026/03/09","合格","","","0"
"EM631BZ","㈱しまむら","2","","","DL-26-005948","合格","合格","2026/03/09","合格","","","0"
"EM630BZ","㈱しまむら","3","","","DL-26-005951","合格","合格","2026/03/09","合格","","","0"
"X4626RR","㈱しまむら","2","","","DL-26-005957","合格","合格","2026/03/09","合格(追試:合格)","","","0"
"A5637RR","㈱しまむら","2","","","DL-26-005799","合格","合格","2026/03/06","合格(追試:合格)","","","0"
"A5632PR","㈱しまむら","2","","","DL-26-005803","合格","合格","2026/03/06","合格(追試:合格)","","","0"
"40630GR/40631GR/44630HR","㈱しまむら","1","","","DL-26-005845","合格","合格","2026/03/09","","","","0"
"40631GR/44630GR","㈱しまむら","1","","","DL-26-005846","合格","合格","2026/03/09","","","","0"
"66633ER","㈱しまむら","1","","","DL-26-005849","合格","合格","2026/03/09","","","","0"
"30630ER","㈱しまむら","2","","","DL-26-005884","合格","合格","2026/03/09","","","","0"
"4063DHR","㈱しまむら","1","","","DL-26-005889","合格","合格","2026/03/09","","","","0"
"4063CER","㈱しまむら","","","","DL-26-005915","","合格","2026/03/09","合格(追試:合格)","","","0"
"416338R","㈱しまむら","2","","","DL-26-005917","合格","合格","2026/03/09","合格(追試:合格)","","","0"
"A4625RR","㈱しまむら","1","","","DL-26-005439","合格","合格","2026/03/02","合格(追試:合格)","","","0"
"A563CRR","㈱しまむら","1","","","DL-26-005703","合格","合格","2026/03/05","合格(追試:合格)","","","0"
"A563CER","㈱しまむら","2","","","DL-26-005712","合格","合格","2026/03/05","合格(追試:合格)","","","0"
"A5633PR","㈱しまむら","1","","","DL-26-005715","合格","合格","2026/03/05","合格(追試:合格)","","","0"
"A5631JER","㈱しまむら","1","","","DL-26-005719","合格","合格","2026/03/05","合格(追試:合格)","","","0"
"A563DER","㈱しまむら","2","","","DL-26-005724","合格","合格","2026/03/05","合格(追試:合格)","","","0"
"A5636PR","㈱しまむら","2","","","DL-26-005726","合格","合格","2026/03/05","合格(追試:合格)","","","0"
"A5632SR","㈱しまむら","2","","","DL-26-005728","合格","合格","2026/03/05","合格(追試:合格)","","","0"
"A563BER","㈱しまむら","2","","","DL-26-005733","合格","合格","2026/03/05","合格(追試:合格)","","","0"
"4063CHA","㈱しまむら","1","","","DL-26-005767","合格","合格","2026/03/06","","","","0"
"4063DHR/4363B8R/4363C8R","㈱しまむら","1","","","DL-26-005770","合格","合格","2026/03/06","","","","0"
"40631HR/4063CHR","㈱しまむら","1","","","DL-26-005774","合格","合格","2026/03/06","","","","0"
"40630HR/40631HR/4063DHR/4063CHR/4363B8R","㈱しまむら","1","","","DL-26-005777","合格","合格","2026/03/06","","","","0"
"4363CHR","㈱しまむら","2","","","DL-26-005808","合格","合格","2026/03/06","合格(追試:合格)","","","0"
"406302A","㈱しまむら","2","","","DL-26-005810","合格","合格","2026/03/06","合格(追試:合格)〈コメント有〉","","","0"
"XM630EA/XM630ER","㈱しまむら","3","","","DL-26-004827-1","合格","合格","2026/03/04","","","","0"
"XM631ER/XM633ER/XM632ER","㈱しまむら","3","","","DL-26-004866-1","合格","合格","2026/03/04","","","","0"
"436302A","㈱しまむら","2","","","DL-26-005628","合格","合格","2026/03/04","合格(追試:合格)","","","0"
"XM630MA/XM630EA","㈱しまむら","4","","","DL-26-005650-1","合格","合格","2026/03/04","","","","0"
"C5636RR","㈱しまむら","2","","","DL-26-005565-1","合格","合格","2026/03/03","","","","0"
"ER630EZ/ER630LZ/ER630YZ/ER631LZ/ER631YZ/ER630BZ/ER631BZ/ER632BZ/ER633BZ/ER630LR/EM631BR/ER631BR/ER630BR","㈱しまむら","11","","","DL-26-005577","合格","合格","2026/03/03","","","","0"
"EM630MT/EM631YR/EM630YR/EM630BZ/EM631BZ/EM630EZ/EM630YZ/EM631YZ/EM630LZ/EM631LZ/EM630BR/EM630ER/EM630LR/EM631ER","㈱しまむら","13","","","DL-26-005580","合格","合格","2026/03/03","","","","0"
"40637HA","㈱しまむら","1","","","DL-26-005626","合格","合格","2026/03/04","合格(追試:合格)","","","0"
"A6622DR","㈱しまむら","9","","","DL-26-005332","合格","合格","2026/02/28","合格(追試:合格)〈コメント有〉","","","0"
"A4621DR","㈱しまむら","3","","","DL-26-005335","合格","合格","2026/02/28","合格(追試:合格)〈コメント有〉","","","0"
"XR630MA","㈱しまむら","3","","","DL-26-005356","合格","合格","2026/03/02","","","","0"
"C5634RR","㈱しまむら","6","","","DL-26-005378-1","合格","合格","2026/03/02","","","","0"
"C563EMA","㈱しまむら","1","","","DL-26-005395","合格","合格","2026/03/03","合格〈コメント有〉","","","0"
"66631HR","㈱しまむら","","","","DL-26-005410","","合格","2026/03/02","合格(追試:合格)","","","0"
"406312A","㈱しまむら","3","","","DL-26-005413","合格","合格","2026/03/02","合格(追試:合格)〈コメント有〉","","","0"
"A4621MR","㈱しまむら","3","","","DL-26-005428","合格","合格","2026/03/02","合格(追試:合格)","","","0"
"A4620ER","㈱しまむら","2","","","DL-26-005432","合格","合格","2026/03/02","合格(追試:合格)","","","0"
"A4623PR","㈱しまむら","2","","","DL-26-005444","合格","合格","2026/03/02","合格(追試:合格)","","","0"
"F4633YR/カラーヒッコリー","㈱しまむら","1","","KDW 大連万林進出口有限公司","DL-26-005447","合格","合格","2026/03/02","合格(追試:合格)","","","0"
"F4631YR/カラーヒッコリー","㈱しまむら","1","","KDW 大連万林進出口有限公司","DL-26-005449","合格","合格","2026/03/02","合格(追試:合格)","","","0"
"A4626RR","㈱しまむら","3","","","DL-26-005453","合格","合格","2026/03/02","合格(追試:合格)","","","0"
"F4632YR/カラーヒッコリー","㈱しまむら","1","","KDW 大連万林進出口有限公司","DL-26-005277-1","合格","合格","2026/02/27","合格(追試:合格)","","","0"
"G4630UR/デュスボ","㈱しまむら","4","","KDW 大連万林進出口有限公司","DL-26-005281-1","合格","合格","2026/02/27","合格(追試:合格)","","","0"
"F4630YR/DL1480","㈱しまむら","2","","KDW 大連万林進出口有限公司","DL-26-005319","合格","合格","2026/02/28","合格(追試:合格)","","","0"
"43638HA","㈱しまむら","1","","","DL-26-005340","合格","合格","2026/02/28","合格(追試:合格)","","","0"
"40631GA","㈱しまむら","1","","","DL-26-005344","合格","合格","2026/02/28","合格(追試:合格)","","","0"
"40639HA","㈱しまむら","1","","","DL-26-005347","合格","合格","2026/02/28","合格(追試:合格)","","","0"
"40636HA","㈱しまむら","1","","","DL-26-005349","合格","合格","2026/02/28","合格(追試:合格)","","","0"
"G4631UR/1010","㈱しまむら","2","","KDW 大連万林進出口有限公司","DL-26-005124","合格","合格","2026/02/25","合格","","","0"
"X5631MR/A5620DR/A5620WR/A5623PR/A5623RR/A5624ER/A5624RR/A5625ER/A5625RR/A5626ER/A5626RR/A5627ER/A5621MR/A5622RR/A5623ER/A563BER/A563CER/A563DER/A5637RR/A5632SR/A5636PR/A563CRR/A563JER/A5632PR/A5633PR","㈱しまむら","15","","","DL-26-005242","合格","合格","2026/02/27","","","","0"
"4063BHR","㈱しまむら","","","","DL-26-005248","","合格","2026/02/27","合格","","","0"
"4463AHR","㈱しまむら","","","","DL-26-005250","","合格","2026/02/27","合格〈コメント有〉","","","0"
"4063AER","㈱しまむら","","","","DL-26-005252","","合格","2026/02/27","合格","","","0"
"4063AHR","㈱しまむら","","","","DL-26-005254","","合格","2026/02/27","合格","","","0"
"41630EA","㈱しまむら","1","","","DL-26-005256","合格","合格","2026/02/27","合格(追試:合格)","","","0"
"4363AER","㈱しまむら","2","","","DL-26-005261","合格","合格","2026/02/27","合格(追試:合格)","","","0"
"4363AHR","㈱しまむら","2","","","DL-26-005263","合格","合格","2026/02/27","合格(追試:合格)","","","0"
"4363CHR","㈱しまむら","2","","","DL-26-005318","合格","合格","2026/02/28","","","","0"
"4063CHA","㈱しまむら","1","","","DL-26-005322","合格","合格","2026/02/28","","","","0"
"A4320WR/A4353W/A4550PR/A4622PR/A4623RR/A4624DR/A6322WR/A6350W/A6621DR/A6621PR/A6551RR/A6620RR/Y4621DR/Y6622DR/A4621DR/A6622DR","㈱しまむら","13","","","DL-26-005329","合格","合格","2026/02/28","","","","0"
"X4622RR/X4624RR/X5630RR/X5632RR/X5633RR/X6621RR/X6622RR/X5631WR/X4626RR/X6623RR","㈱しまむら","4","","","DL-26-005421","合格","合格","2026/02/28","","","","0"
"76630SR","㈱しまむら","","","","DL-26-005194","","合格","2026/02/26","合格(追試:合格)","","","0"
"76631SR","㈱しまむら","","","","DL-26-005196","","合格","2026/02/26","合格(追試:合格)","","","0"
"76632SR","㈱しまむら","","","","DL-26-005198","","合格","2026/02/26","合格(追試:合格)〈コメント有〉","","","0"
"F4631MR/21*21TC","㈱しまむら","2","","KDW 大連万林進出口有限公司","DL-26-005112-1","合格","合格","2026/02/25","合格(追試:合格)","","","0"
"F4631MR/1010","㈱しまむら","2","","KDW 大連万林進出口有限公司","DL-26-005112-2","合格","合格","2026/02/25","合格","","","0"
"30630HA","㈱しまむら","1","","","DL-26-005183","合格","合格","2026/02/26","合格(追試:合格)","","","0"
"76634KR","㈱しまむら","","","","DL-26-005187","","合格","2026/02/26","合格(追試:合格)","","","0"
"PO6057X/CH5435","㈱しまむら","2","","KDW 大連万林進出口有限公司","DL-26-004353-1","合格","合格","2026/02/06","合格","","","0"
"PO6057X/CH5435","㈱しまむら","1","","KDW 大連万林進出口有限公司","DL-26-004353-2","合格","合格","2026/02/06","合格(追試:合格)","","","0"
"Y5632RR","㈱しまむら","","","","DL-26-004868","","合格","2026/02/12","合格〈コメント有〉","","","0"
"Y5635RR","㈱しまむら","1","","","DL-26-004914","合格","合格","2026/02/11","合格(追試:合格)","","","0"
"66634JR","㈱しまむら","1","","","DL-26-005012","合格","合格","2026/02/13","","","","0"
"76632SR","㈱しまむら","1","","","DL-26-005015","合格","合格","2026/02/13","","","","0"
"76630SR","㈱しまむら","1","","","DL-26-005018","合格","合格","2026/02/13","","","","0"
"C4632MA","㈱しまむら","1","","","DL-26-005043","合格","合格","2026/02/13","合格(追試:合格)","","","0"
"C4633MA","㈱しまむら","1","","","DL-26-005047","合格","合格","2026/02/13","合格(追試:合格)","","","0"
"C4634MA","㈱しまむら","1","","","DL-26-005050","合格","合格","2026/02/13","合格(追試:合格)","","","0"
"X4631WR","㈱しまむら","2","","","DL-26-004549-1","合格","合格","2026/02/09","","","","0"
"XM632ER","㈱しまむら","2","","","DL-26-004867-1","合格","合格","2026/02/11","","","","0"
"Y5630RR","㈱しまむら","","","","DL-26-004870","","合格","2026/02/11","合格(追試:合格)〈コメント有〉","","","0"
"XM633ER","㈱しまむら","2","","","DL-26-004875-1R","合格","合格","2026/02/11","","","","0"
"C5620HR","㈱しまむら","3","","","DL-26-004908","合格","合格","2026/02/11","合格〈コメント有〉","","","0"
"76631SR","㈱しまむら","1","","","DL-26-004938","合格","合格","2026/02/12","","","","0"
"C4633MA","㈱しまむら","1","","","DL-26-003602-1","合格","合格","2026/02/11","","","","0"
"C4634MA","㈱しまむら","1","","","DL-26-003604-1","合格","合格","2026/02/11","","","","0"
"C4632MA","㈱しまむら","1","","","DL-26-003606-1","合格","合格","2026/02/11","","","","0"
"CM1504X/CL-230550","㈱しまむら","3","","KDW 大連万林進出口有限公司","DL-26-004422","合格","合格","2026/02/09","合格(追試:合格)〈コメント有〉","","","0"
"MB4004V/XM1030/ツイル(迷彩)","㈱しまむら","1","","KDW 大連万林進出口有限公司","DL-26-004573-1","合格","合格","2026/02/09","合格〈コメント有〉","","","0"
"MB4004V/XM1030/ツイル(迷彩)","㈱しまむら","2","","KDW 大連万林進出口有限公司","DL-26-004573-2","合格","合格","2026/02/09","合格〈コメント有〉","","","0"
"MB3011V/XM1030/ツイル(迷彩)","㈱しまむら","2","","KDW 大連万林進出口有限公司","DL-26-004585-1","合格","合格","2026/02/09","合格〈コメント有〉","","","0"
"MB3011V/XM1030/ツイル(迷彩)","㈱しまむら","1","","KDW 大連万林進出口有限公司","DL-26-004585-2","合格","合格","2026/02/09","合格〈コメント有〉","","","0"
"43631HA","㈱しまむら","1","","","DL-26-004632","合格","合格","2026/02/09","合格(追試:合格)","","","0"
"GT630UR/1010デニム","㈱しまむら","2","","KDW 大連万林進出口有限公司","DL-26-004748","合格","合格","2026/02/10","合格","","","0"
"76630SR","㈱しまむら","1","","","DL-26-004815","合格","合格","2026/02/11","","","","0"
"76632SR","㈱しまむら","1","","","DL-26-004816","合格","合格","2026/02/11","","","","0"
"76631SR","㈱しまむら","1","","","DL-26-004817","合格","合格","2026/02/11","","","","0"
"Y5635WR","㈱しまむら","6","","","DL-26-004835-1","合格","合格","2026/02/11","","","","0"
"43632HA","㈱しまむら","2","","","DL-26-004839","合格","合格","2026/02/11","合格(追試:合格)","","","0"
"X5631WR","㈱しまむら","1","","","DL-26-003553","合格","合格","2026/01/30","合格(追試:合格)","","","0"
"F4632MZ/1010","㈱しまむら","3","","KDW 大連万林進出口有限公司","DL-26-003609","合格","合格","2026/01/30","合格〈コメント有〉","","","0"
"F4630QZ/260T","㈱しまむら","2","","KDW 大連万林進出口有限公司","DL-26-003786-1","合格","合格","2026/02/02","合格","","","0"
"F4630QZ/260T","㈱しまむら","6","","KDW 大連万林進出口有限公司","DL-26-003786-2","合格","合格","2026/02/02","合格","","","0"
"X6622RR","㈱しまむら","","","","DL-26-004491","","合格","2026/02/09","合格(追試:合格)","","","0"
"X4622RR/X4624RR/X5630RR/X5632RR/X5633RR/X6621RR/X6622RR/X5631WR","㈱しまむら","4","","","DL-26-004615","合格","合格","2026/02/09","","","","0"
"43630HA","㈱しまむら","1","","","DL-26-004618","合格","合格","2026/02/09","合格(追試:合格)〈コメント有〉","","","0"
"X5633ER/C5530VA/C5531VA","㈱しまむら","4","","","DL-26-004621","合格","合格","2026/02/09","","","","0"
"X563AER KING/X563BER KING/X5635ER KING/X5636ER/X5637ER/X5638ER/X5639ER/X5635ER/X5636ER KING/X5637ER KING/X5638ER KING/X4630ER/X5630ER/X5631ER/X5632ER/X5633ER","㈱しまむら","4","","","DL-26-004624","合格","合格","2026/02/09","","","","0"
"40631HA","㈱しまむら","1","","","DL-26-004626","合格","合格","2026/02/09","合格(追試:合格)〈コメント有〉","","","0"
"XR630ER/XR632ER","㈱しまむら","2","","","DL-26-004629","合格","合格","2026/02/09","","","","0"
"4063CER","㈱しまむら","1","","","DL-26-004678","合格","合格","2026/02/10","","","","0"
"43638HA","㈱しまむら","1","","","DL-26-004387","合格","合格","2026/02/09","","","","0"
"40631GA","㈱しまむら","1","","","DL-26-004388","合格","合格","2026/02/09","","","","0"
"40636HA","㈱しまむら","1","","","DL-26-004389","合格","合格","2026/02/09","","","","0"
"40639HA","㈱しまむら","1","","","DL-26-004390","合格","合格","2026/02/09","","","","0"
"66632YR","㈱しまむら","2","","","DL-26-004424","合格","合格","2026/02/09","","","","0"
"76636VR","㈱しまむら","2","","","DL-26-004459","合格","合格","2026/02/09","","","","0"
"41620PR","㈱しまむら","","","","DL-26-004501","","合格","2026/02/09","合格(追試:合格)","","","0"
"Y5635RR","㈱しまむら","3","","","DL-26-004095-1","合格","合格","2026/02/04","","","","0"
"A1622ZR","㈱しまむら","1","","","DL-26-004202","合格","合格","2026/02/05","合格(追試:合格)","","","0"
"A5625RR","㈱しまむら","2","","","DL-26-004204","合格","合格","2026/02/05","合格(追試:合格)","","","0"
"A5624PR","㈱しまむら","1","","","DL-26-004210","合格","合格","2026/02/05","合格(追試:合格)","","","0"
"A5622MR","㈱しまむら","3","","","DL-26-004212","合格","合格","2026/02/05","合格(追試:合格)","","","0"
"A5620WR","㈱しまむら","1","","","DL-26-004236","合格","合格","2026/02/05","合格(追試:合格)","","","0"
"RT633QZ","㈱しまむら","","","","DL-26-004275","","合格","2026/02/05","合格","","","0"
"4363AER","㈱しまむら","2","","","DL-26-004277","合格","合格","2026/02/06","","","","0"
"X4622RR","㈱しまむら","1","","","DL-26-004045","合格","合格","2026/02/04","合格(追試:合格)","","","0"
"R5633PZ","㈱しまむら","","","","DL-26-004059","","合格","2026/02/04","合格","","","0"
"G5630PZ","㈱しまむら","","","","DL-26-004061","","合格","2026/02/04","合格","","","0"
"F5633QZ","㈱しまむら","1","","","DL-26-004063","合格","合格","2026/02/04","合格〈コメント有〉","","","0"
"F5637QZ","㈱しまむら","1","","","DL-26-004065","合格","合格","2026/02/04","合格〈コメント有〉","","","0"
"G5630UR","㈱しまむら","","","","DL-26-004067","","合格","2026/02/04","合格","","","0"
"X5635RR/X4627RR","㈱しまむら","1","","","DL-26-003630-1R","合格","合格","2026/02/02","","","","0"
"A1621PR","㈱しまむら","1","","","DL-26-003901","合格","合格","2026/02/03","合格(追試:合格)","","","0"
"A5624RR","㈱しまむら","6","","","DL-26-003905","合格","合格","2026/02/03","合格(追試:合格)","","","0"
"A5625ER","㈱しまむら","3","","","DL-26-003909","合格","合格","2026/02/03","合格(追試:合格)","","","0"
"F4632CZ/21*21TC","㈱しまむら","2","","KDW 大連万林進出口有限公司","DL-26-003945","合格","合格","2026/02/03","合格(追試:合格)〈コメント有〉","","","0"
"RT634CZ/21*21TC","㈱しまむら","2","","KDW 大連万林進出口有限公司","DL-26-003949","合格","合格","2026/02/03","合格(追試:合格)〈コメント有〉","","","0"
"RT634QZ/260T","㈱しまむら","4","","KDW 大連万林進出口有限公司","DL-26-003954","合格","合格","2026/02/03","合格","","","0"
"G5636UR","㈱しまむら","","","","DL-26-003982","","合格","2026/02/03","合格","","","0"
"66636AR","㈱しまむら","1","","","DL-26-003989","合格","合格","2026/02/04","","","","0"
"666309R","㈱しまむら","2","","","DL-26-003992","合格","合格","2026/02/04","","","","0"
"43633HA","㈱しまむら","1","","","DL-26-004015","合格","合格","2026/02/04","合格(追試:合格)","","","0"
"43634HA","㈱しまむら","1","","","DL-26-004018","合格","合格","2026/02/04","合格(追試:合格)","","","0"
"43635HA","㈱しまむら","1","","","DL-26-004024","合格","合格","2026/02/04","合格(追試:合格)","","","0"
"C5633RR","㈱しまむら","3","","","DL-26-003318","合格","合格","2026/02/02","合格〈コメント有〉","","","0"
"A5624ER","㈱しまむら","2","","","DL-26-003600","合格","合格","2026/01/30","合格(追試:合格)","","","0"
"X6621RR","㈱しまむら","","","","DL-26-003687","","合格","2026/02/02","合格(追試:合格)","","","0"
"456341R","㈱しまむら","","","","DL-26-003717","","合格","2026/02/02","合格(追試:合格)〈コメント有〉","","","0"
"66636AR","㈱しまむら","3","","","DL-26-003839","合格","合格","2026/02/03","","","","0"
"30630HA","㈱しまむら","1","","","DL-26-003843","合格","合格","2026/02/03","","","","0"
"43632HA","㈱しまむら","2","","","DL-26-003845","合格","合格","2026/02/03","","","","0"
"40637HA","㈱しまむら","1","","","DL-26-003849","合格","合格","2026/02/03","","","","0"
"44301HA4追","㈱しまむら","1","","","DL-26-003186","合格","合格","2026/01/28","合格","","","0"
"X4623RR","㈱しまむら","1","","","DL-26-003239","合格","合格","2026/01/28","合格(追試:合格)","","","0"
"MB3006V/YL22066/ツイル(迷彩)","㈱しまむら","1","","KDW 大連万林進出口有限公司","DL-26-003287-1","合格","合格","2026/01/28","合格","","","0"
"MB3006V/YL22066/ツイル(迷彩)","㈱しまむら","1","","KDW 大連万林進出口有限公司","DL-26-003287-2","合格","合格","2026/01/28","合格〈コメント有〉","","","0"
"A5626ER","㈱しまむら","2","","","DL-26-003436","合格","合格","2026/01/29","合格(追試:合格)","","","0"
"A5626RR","㈱しまむら","2","","","DL-26-003447","合格","合格","2026/01/29","合格(追試:合格)","","","0"
"A5627ER","㈱しまむら","2","","","DL-26-003450","合格","合格","2026/01/29","合格(追試:合格)","","","0"
"A5623PR","㈱しまむら","2","","","DL-26-003456","合格","合格","2026/01/29","合格(追試:合格)","","","0"
"A5620DR","㈱しまむら","2","","","DL-26-003461","合格","合格","2026/01/29","合格(追試:合格)","","","0"
"F4631BZ/1010","㈱しまむら","3","","KDW 大連万林進出口有限公司","DL-26-003469","合格","合格","2026/01/29","合格〈コメント有〉","","","0"
"X5632RR","㈱しまむら","1","","","DL-26-003539","合格","合格","2026/01/30","合格","","","0"
"X5631RR","㈱しまむら","2","","","DL-26-003543","合格","合格","2026/01/30","合格(追試:合格)","","","0"
"X5630RR","㈱しまむら","1","","","DL-26-003548","合格","合格","2026/01/30","合格(追試:合格)","","","0"
"A6621PR","㈱しまむら","4","","","DL-26-003551","合格","合格","2026/01/30","合格(追試:合格)〈コメント有〉","","","0"
"X5633RR","㈱しまむら","2","","","DL-26-003560","合格","合格","2026/01/30","合格(追試:合格)","","","0"
"A5623RR","㈱しまむら","2","","","DL-26-003597","合格","合格","2026/01/30","合格(追試:合格)","","","0"
"F4631MZ/1010","㈱しまむら","2","","KDW 大連万林進出口有限公司","DL-26-003607","合格","合格","2026/01/30","合格〈コメント有〉","","","0"
"ER630YR/ER631YR","㈱しまむら","3","","","DL-26-003616","合格","合格","2026/01/30","","","","0"
"C563EMA","㈱しまむら","2","","","DL-26-003620-1","合格","合格","2026/02/02","","","","0"
"66632YR","㈱しまむら","1","","","DL-26-003637","合格","合格","2026/02/02","","","","0"
"41620PR","㈱しまむら","1","","","DL-26-003657","合格","合格","2026/02/02","","","","0"
"X4624RR","㈱しまむら","1","","","DL-26-003189","合格","合格","2026/01/28","合格(追試:合格)","","","0"
"C5630RR","㈱しまむら","","","","DL-26-003300","","合格","2026/01/28","合格","","","0"
"C5631RR","㈱しまむら","2","","","DL-26-003304","合格","合格","2026/01/28","合格","","","0"
"A1622PR","㈱しまむら","1","","","DL-26-003377","合格","合格","2026/01/29","合格(追試:合格)","","","0"
"RT635QZ/21*21TC","㈱しまむら","2","","KDW 大連万林進出口有限公司","DL-26-003458-1","合格","合格","2026/01/29","合格","","","0"
"RT635QZ/DL1480","㈱しまむら","2","","KDW 大連万林進出口有限公司","DL-26-003458-2","合格","合格","2026/01/29","合格(追試:合格)〈コメント有〉","","","0"
"Y5630RR","㈱しまむら","2","","","DL-26-003481","合格","合格","2026/01/29","","","","0"
"Y5632RR","㈱しまむら","6","","","DL-26-003483-1","合格","合格","2026/01/29","","","","0"
"43635HA","㈱しまむら","1","","","DL-26-003514","合格","合格","2026/01/30","","","","0"
"43634HA","㈱しまむら","1","","","DL-26-003515","合格","合格","2026/01/30","","","","0"
"43633HA","㈱しまむら","1","","","DL-26-003518","合格","合格","2026/01/30","","","","0"
"76634KR/66632YR/76636VR/76633VR","㈱しまむら","3","","","DL-26-003522","合格","合格","2026/01/30","","","","0"
"4063CER","㈱しまむら","1","","","DL-26-003527","合格","合格","2026/01/30","","","","0"
"4063AHR/4063BHR/4063AER/4463AHR","㈱しまむら","1","","","DL-26-003528","合格","合格","2026/01/30","","","","0"
"43639HA","㈱しまむら","1","","","DL-26-003555","合格","合格","2026/01/30","合格(追試:合格)","","","0"
"40630HA","㈱しまむら","1","","","DL-26-003558","合格","合格","2026/01/30","合格(追試:合格)〈コメント有〉","","","0"
"40634HA","㈱しまむら","1","","","DL-26-003562","合格","合格","2026/01/30","合格(追試:合格)〈コメント有〉","","","0"
"41633HA","㈱しまむら","1","","","DL-26-003564","合格","合格","2026/01/30","合格(追試:合格)","","","0"
"G4631WR/YL-2500B6-Bメッシュデニム","㈱しまむら","2","","KDW 大連万林進出口有限公司","DL-26-002063-1","合格","合格","2026/01/19","合格(追試:合格)〈コメント有〉","","","0"
"F4630WR","㈱しまむら","2","","KDW 大連万林進出口有限公司","DL-26-002090-1","合格","合格","2026/01/19","合格(追試:合格)〈コメント有〉","","","0"
"X4623MR","㈱しまむら","1","","","DL-26-003202","合格","合格","2026/01/28","合格(追試:合格)","","","0"
"X5630MR","㈱しまむら","4","","","DL-26-003221","合格","合格","2026/01/28","合格(追試:合格)","","","0"
"A1621RR","㈱しまむら","","","","DL-26-003243","","合格","2026/01/28","合格","","","0"
"A4624RR","㈱しまむら","2","","","DL-26-003245","合格","合格","2026/01/28","合格","","","0"
"F4630MZ/T100","㈱しまむら","3","","KDW 大連万林進出口有限公司","DL-26-003255-1","合格","合格","2026/01/28","合格(追試:合格)","","","0"
"MB1023V/YL22066/ツイル(迷彩)","㈱しまむら","2","","KDW 大連万林進出口有限公司","DL-26-002286-1","合格","合格","2026/01/20","合格(追試:合格)〈コメント有〉","","","0"
"MB1023V/YL22066/ツイル(迷彩)","㈱しまむら","1","","KDW 大連万林進出口有限公司","DL-26-002286-2","合格","合格","2026/01/20","合格〈コメント有〉","","","0"
"43631HA","㈱しまむら","1","","","DL-26-002804","合格","合格","2026/01/26","","","","0"
"A1620RR","㈱しまむら","","","","DL-26-002875","","合格","2026/01/26","合格(追試:合格)","","","0"
"44630HA","㈱しまむら","1","","","DL-26-002938","合格","合格","2026/01/26","","","","0"
"MB3010V","㈱しまむら","1","","KDW 大連万林進出口有限公司","DL-26-003071","合格","合格","2026/01/27","合格〈コメント有〉","","","0"
"40635HA","㈱しまむら","1","","","DL-26-003208","合格","合格","2026/01/28","合格(追試:合格)〈コメント有〉","","","0"
"X5630WR/X5632WR/X5633WR/X5630MR/X4622MR X5631WR","㈱しまむら","5","","","DL-26-003477","合格","合格","2026/01/28","","","","0"
"R5621UR","㈱しまむら","","","","DL-26-000563","","合格","2026/01/22","合格","","","0"
"410030E/BLWD2282-2","㈱しまむら","2","","KDW 大連万林進出口有限公司","DL-26-002599","合格","合格","2026/01/22","合格(追試:合格)","","","0"
"C4631MA","㈱しまむら","2","","","DL-26-002781","合格","合格","2026/01/26","合格(追試:合格)〈コメント有〉","","","0"
"C5635MA","㈱しまむら","1","","","DL-26-002784","合格","合格","2026/01/26","合格〈コメント有〉","","","0"
"C5620HR","㈱しまむら","6","","","DL-26-002805-1","合格","合格","2026/01/26","","","","0"
"41620AR","㈱しまむら","","","","DL-26-002907","","合格","2026/01/26","合格(追試:合格)","","","0"
"456321R","㈱しまむら","","","","DL-26-002911","","合格","2026/01/26","合格(追試:合格)","","","0"
"4362C8R","㈱しまむら","2","","","DL-26-002919","合格","合格","2026/01/26","合格(追試:合格)〈コメント有〉","","","0"
"66631HR","㈱しまむら","1","","","DL-26-002943","合格","合格","2026/01/26","","","","0"
"66636AR","㈱しまむら","1","","","DL-26-002944","合格","合格","2026/01/26","","","","0"
"66632YR/666309R/66636AR/66635AR/66633ER/66631HR/76633VR","㈱しまむら","2","","","DL-26-002946","合格","合格","2026/01/26","","","","0"
"66634JR","㈱しまむら","2","","","DL-26-002950","合格","合格","2026/01/26","","","","0"
"40637HA","㈱しまむら","1","","","DL-26-002965","合格","合格","2026/01/26","","","","0"
"40636HA","㈱しまむら","1","","","DL-26-002966","合格","合格","2026/01/26","","","","0"
"C5631MA","㈱しまむら","1","","","DL-26-001475","合格","合格","2026/01/23","合格〈コメント有〉","","","0"
"A1621ER","㈱しまむら","1","","","DL-26-002243","合格","合格","2026/01/20","合格(追試:合格)","","","0"
"X4622RR/X4624RR/X5630RR/X5632RR/X5633RR/X6621RR/X6622RR","㈱しまむら","3","","","DL-26-002591","合格","合格","2026/01/22","","","","0"
"43636HA","㈱しまむら","1","","","DL-26-002686","合格","合格","2026/01/23","合格(追試:合格)","","","0"
"43637HA","㈱しまむら","1","","","DL-26-002688","合格","合格","2026/01/23","合格(追試:合格)","","","0"
"43630GA","㈱しまむら","1","","","DL-26-002691","合格","合格","2026/01/23","合格(追試:合格)","","","0"
"C5632MA","㈱しまむら","1","","","DL-26-002716","合格","合格","2026/01/23","合格〈コメント有〉","","","0"
"C5633MA","㈱しまむら","1","","","DL-26-002718","合格","合格","2026/01/23","合格〈コメント有〉","","","0"
"40630HA","㈱しまむら","2","","","DL-26-002799","合格","合格","2026/01/26","","","","0"
"41633HA","㈱しまむら","1","","","DL-26-002800","合格","合格","2026/01/26","","","","0"
"4063AHR/4063BHR/4063AER/4463AHR","㈱しまむら","2","","","DL-26-002813","合格","合格","2026/01/26","","","","0"
"40631GA","㈱しまむら","1","","","DL-26-002826","合格","合格","2026/01/26","","","","0"
"40639HA","㈱しまむら","1","","","DL-26-002828","合格","合格","2026/01/26","","","","0"
"76634KR","㈱しまむら","1","","","DL-26-002837","合格","合格","2026/01/26","","","","0"
"41638HA","㈱しまむら","","","","DL-26-002877","","合格","2026/01/26","合格(追試:合格)","","","0"
"A1620RR/A1621ER/A1621PR/A1622PR/A1622ZR","㈱しまむら","9","","","DL-26-001312","合格","合格","2026/01/13","","","","0"
"C4630MA","㈱しまむら","4","","","DL-26-002389","合格","合格","2026/01/21","合格(追試:合格)〈コメント有〉","","","0"
"PO6055X/WL00181","㈱しまむら","3","","KDW 大連万林進出口有限公司","DL-26-002414","合格","合格","2026/01/21","合格(追試:合格)","","","0"
"CM6507X/1319","㈱しまむら","3","","KDW 大連万林進出口有限公司","DL-26-002417","合格","合格","2026/01/21","合格(追試:合格)〈コメント有〉","","","0"
"RT633QZ","㈱しまむら","4","","","DL-26-002467-1","合格","合格","2026/01/22","","","","0"
"F5633QZ/F5637QZ","㈱しまむら","8","","","DL-26-002476-1","合格","合格","2026/01/22","","","","0"
"X4630HR/X4631HR/X4632HR/X5630HR/X5631HR/X5632HR/X4632ER","㈱しまむら","3","","","DL-26-002587","合格","合格","2026/01/22","","","","0"
"410029E/BLWD2282-2","㈱しまむら","2","","KDW 大連万林進出口有限公司","DL-26-002594","合格","合格","2026/01/22","合格(追試:合格)","","","0"
"RT638PZ","㈱しまむら","","","","DL-26-000895","","合格","2026/01/22","合格〈コメント有〉","","","0"
"40630GA","㈱しまむら","1","","","DL-26-002573","合格","合格","2026/01/22","合格(追試:合格)","","","0"
"43631GA","㈱しまむら","1","","","DL-26-002579","合格","合格","2026/01/22","合格(追試:合格)","","","0"
"X4620WR","㈱しまむら","3","","","DL-26-002058","合格","合格","2026/01/19","合格(追試:合格)〈コメント有〉","","","0"
"X5631MR","㈱しまむら","3","","","DL-26-002225","合格","合格","2026/01/20","合格(追試:合格)","","","0"
"X4622MR","㈱しまむら","1","","","DL-26-002229","合格","合格","2026/01/20","合格(追試:合格)","","","0"
"410046X/HT0938-3","㈱しまむら","6","","KDW 大連万林進出口有限公司","DL-26-002274","合格","合格","2026/01/20","合格(追試:合格)","","","0"
"CM6508X/1319","㈱しまむら","2","","KDW 大連万林進出口有限公司","DL-26-002279","合格","合格","2026/01/20","合格(追試:合格)","","","0"
"X4632ER KING","㈱しまむら","1","","","DL-26-002319","合格","合格","2026/01/21","","","","0"
"X5631MR/A5620DR/A5620WR/A5623PR/A5623RR/A5624ER/A5624RR/A5625ER/A5625RR/A5626ER/A5626RR/A5627ER/A5621MR/A5622RR/A5623ER/X5631RR/A4621MR/A4623PR/A4620ER/A4626RR/A4625RR","㈱しまむら","13","","","DL-26-002323","合格","合格","2026/01/21","","","","0"
"A4320WR/A4353W/A4550PR/A4622PR/A4623RR/A4624DR/A6322WR/A6350W/A6621DR/A6621PR/A6551RR/A6620RR/Y4621DR/Y6622DR","㈱しまむら","13","","","DL-26-002346","合格","合格","2026/01/21","","","","0"
"430014E/430015E/430016E/430017E/430018E/430019E/430808F/430809F/430810F/430811F/HS224019BT","㈱しまむら","3","","KDW 大連万林進出口有限公司","DL-26-001121","合格","合格","2026/01/12","","","","0"
"G5630UR/G5636UR","㈱しまむら","4","","","DL-26-001917-1","合格","合格","2026/01/19","","","","0"
"4062AGR","㈱しまむら","2","","","DL-26-001970","合格","合格","2026/01/19","合格(追試:合格)","","","0"
"4063A8R","㈱しまむら","2","","","DL-26-001972","合格","合格","2026/01/19","合格(追試:合格)","","","0"
"C5634MA","㈱しまむら","1","","","DL-26-001987","合格","合格","2026/01/19","合格〈コメント有〉","","","0"
"C5624MA","㈱しまむら","1","","","DL-26-001989","合格","合格","2026/01/19","合格〈コメント有〉","","","0"
"C5630MA","㈱しまむら","1","","","DL-26-001992","合格","合格","2026/01/19","合格〈コメント有〉","","","0"
"Y6622XR","㈱しまむら","2","","","DL-26-002002","合格","合格","2026/01/19","合格(追試:合格)","","","0"
"Y6623XR","㈱しまむら","6","","","DL-26-002020","合格","合格","2026/01/19","合格(追試:合格)","","","0"
"430810F/HS224019BT","㈱しまむら","","","KDW 大連万林進出口有限公司","DL-26-002081","","合格","2026/01/19","合格(追試:合格)","","","0"
"430811F/HS224019BT","㈱しまむら","","","KDW 大連万林進出口有限公司","DL-26-002084-1","","合格","2026/01/19","合格(追試:合格)〈コメント有〉","","","0"
"430811F/HS224019BT","㈱しまむら","","","KDW 大連万林進出口有限公司","DL-26-002084-2","","合格","2026/01/19","合格(追試:合格)","","","0"
"456321R","㈱しまむら","1","","","DL-26-002120","合格","合格","2026/01/20","","","","0"
"430014E/430015E/430016E/430017E/430018E/430019E/430808F/430809F/430810F/430811F/430021L/430020L/430022L/HS224019BT","㈱しまむら","2","","KDW 大連万林進出口有限公司","DL-26-001092","合格","合格","2026/01/12","","","","0"
"X6620WR","㈱しまむら","2","","","DL-26-001820","合格","合格","2026/01/16","合格(追試:合格)","","","0"
"A5623ER","㈱しまむら","2","","","DL-26-001831","合格","合格","2026/01/16","合格(追試:合格)","","","0"
"A5622RR","㈱しまむら","2","","","DL-26-001837","合格","合格","2026/01/16","合格(追試:合格)","","","0"
"A5621MR","㈱しまむら","","","","DL-26-001840","","合格","2026/01/16","合格(追試:合格)","","","0"
"RT63GPZ","㈱しまむら","1","","","DL-26-001842-1","合格","合格","2026/01/16","合格〈コメント有〉","","","0"
"RT63GPZ","㈱しまむら","1","","","DL-26-001842-2","合格","合格","2026/01/16","合格(追試:合格)〈コメント有〉","","","0"
"A5622PR","㈱しまむら","1","","","DL-26-001847","合格","合格","2026/01/16","合格(追試:合格)","","","0"
"43636HA","㈱しまむら","1","","","DL-26-001905","合格","合格","2026/01/19","","","","0"
"4363AHR","㈱しまむら","2","","","DL-26-001906","合格","合格","2026/01/19","","","","0"
"40634HA/40635HA/40630HA/40631HA","㈱しまむら","1","","","DL-26-001911","合格","合格","2026/01/19","","","","0"
"4063AHR/4063BHR/4063AER/4463AHR","㈱しまむら","2","","","DL-26-001921","合格","合格","2026/01/19","","","","0"
"4362C8R","㈱しまむら","2","","","DL-26-001923","合格","合格","2026/01/19","","","","0"
"406258R","㈱しまむら","1","","","DL-26-001978","合格","合格","2026/01/19","合格(追試:合格)","","","0"
"406268R","㈱しまむら","1","","","DL-26-001980","合格","合格","2026/01/19","合格(追試:合格)","","","0"
"406278R","㈱しまむら","1","","","DL-26-001983","合格","合格","2026/01/19","合格(追試:合格)","","","0"
"416278R","㈱しまむら","1","","","DL-26-002005","合格","合格","2026/01/19","合格(追試:合格)","","","0"
"416248R","㈱しまむら","1","","","DL-26-002022","合格","合格","2026/01/19","合格(追試:合格)","","","0"
"416258R","㈱しまむら","1","","","DL-26-002024","合格","合格","2026/01/19","合格(追試:合格)〈コメント有〉","","","0"
"416268R","㈱しまむら","1","","","DL-26-002026","合格","合格","2026/01/19","合格(追試:合格)","","","0"
"416288R","㈱しまむら","1","","","DL-26-002028","合格","合格","2026/01/19","合格(追試:合格)","","","0"
"430808F/HS224019BT","㈱しまむら","","","KDW 大連万林進出口有限公司","DL-26-002071","","合格","2026/01/19","合格(追試:合格)〈コメント有〉","","","0"
"430809F/HS224019BT","㈱しまむら","","","KDW 大連万林進出口有限公司","DL-26-002075","","合格","2026/01/19","合格(追試:合格)〈コメント有〉","","","0"
"RT633PR/21*21TC","㈱しまむら","2","","KDW 大連万林進出口有限公司","DL-26-001156-1","合格","合格","2026/01/15","合格(追試:合格)","","","0"
"RT633PR/DL1480","㈱しまむら","2","","KDW 大連万林進出口有限公司","DL-26-001156-2","合格","合格","2026/01/15","合格(追試:合格)〈コメント有〉","","","0"
"456311R","㈱しまむら","","","","DL-26-001616","","合格","2026/01/15","合格(追試:合格)","","","0"
"40621GR","㈱しまむら","1","","","DL-26-001620","合格","合格","2026/01/15","合格(追試:合格)〈コメント有〉","","","0"
"X4621WR","㈱しまむら","2","","","DL-26-001659","合格","合格","2026/01/15","合格(追試:合格)","","","0"
"X5632WR","㈱しまむら","1","","","DL-26-001665","合格","合格","2026/01/15","合格(追試:合格)","","","0"
"X6621WR","㈱しまむら","2","","","DL-26-001685","合格","合格","2026/01/15","合格(追試:合格)","","","0"
"X5633WR","㈱しまむら","2","","","DL-26-001689","合格","合格","2026/01/15","合格(追試:合格)","","","0"
"X5630WR","㈱しまむら","3","","","DL-26-001703","合格","合格","2026/01/15","合格(追試:合格)","","","0"
"C6629MA","㈱しまむら","7","","","DL-26-001729","合格","合格","2026/01/15","合格(追試:合格)〈コメント有〉","","","0"
"41630EA","㈱しまむら","1","","","DL-26-001782","合格","合格","2026/01/16","","","","0"
"430014E/430015E/430016E/430017E/430018E/430019E/430808F/430809F/430810F/430811F/430021L/430020L/430022L/310179/HY0038/310180/310181/310208T","㈱しまむら","5","","KDW 大連万林進出口有限公司","DL-26-001104-1","合格","合格","2026/01/12","","","","0"
"A4623RR","㈱しまむら","2","","","DL-26-001451","合格","合格","2026/01/14","合格(追試:合格)〈コメント有〉","","","0"
"A4622PR","㈱しまむら","4","","","DL-26-001459","合格","合格","2026/01/14","合格(追試:合格)〈コメント有〉","","","0"
"A4550PR","㈱しまむら","3","","","DL-26-001467","合格","合格","2026/01/14","合格(追試:合格)〈コメント有〉","","","0"
"A6620RR","㈱しまむら","4","","","DL-26-001474","合格","合格","2026/01/14","合格(追試:合格)〈コメント有〉","","","0"
"430014E/HS224019BT","㈱しまむら","","","KDW 大連万林進出口有限公司","DL-26-001567-1","","合格","2026/01/14","合格(追試:合格)","","","0"
"430014E/HS224019BT","㈱しまむら","","","KDW 大連万林進出口有限公司","DL-26-001567-2","","合格","2026/01/14","合格(追試:合格)〈コメント有〉","","","0"
"430015E/HS224019BT","㈱しまむら","","","KDW 大連万林進出口有限公司","DL-26-001569-1","","合格","2026/01/14","合格(追試:合格)","","","0"
"430015E/HS224019BT","㈱しまむら","","","KDW 大連万林進出口有限公司","DL-26-001569-2","","合格","2026/01/14","合格(追試:合格)〈コメント有〉","","","0"
"430016E/HS224019BT","㈱しまむら","","","KDW 大連万林進出口有限公司","DL-26-001571-1","","合格","2026/01/14","合格(追試:合格)","","","0"
"430016E/HS224019BT","㈱しまむら","","","KDW 大連万林進出口有限公司","DL-26-001571-2","","合格","2026/01/14","合格(追試:合格)〈コメント有〉","","","0"
"430017E/HS224019BT","㈱しまむら","","","KDW 大連万林進出口有限公司","DL-26-001577-1","","合格","2026/01/14","合格(追試:合格)","","","0"
"430017E/HS224019BT","㈱しまむら","","","KDW 大連万林進出口有限公司","DL-26-001577-2","","合格","2026/01/14","合格(追試:合格)〈コメント有〉","","","0"
"430018E/HS224019BT","㈱しまむら","","","KDW 大連万林進出口有限公司","DL-26-001580-1","","合格","2026/01/14","合格(追試:合格)〈コメント有〉","","","0"
"430018E/HS224019BT","㈱しまむら","","","KDW 大連万林進出口有限公司","DL-26-001580-2","","合格","2026/01/14","合格(追試:合格)","","","0"
"430019E/HS224019BT","㈱しまむら","","","KDW 大連万林進出口有限公司","DL-26-001582-1","","合格","2026/01/14","合格(追試:合格)〈コメント有〉","","","0"
"430019E/HS224019BT","㈱しまむら","","","KDW 大連万林進出口有限公司","DL-26-001582-2","","合格","2026/01/14","合格(追試:合格)","","","0"
"406258R/406268R/406278R","㈱しまむら","1","","","DL-26-001597","合格","合格","2026/01/15","","","","0"
"406298R","㈱しまむら","1","","","DL-26-001599","合格","合格","2026/01/15","","","","0"
"G5621UR","㈱しまむら","","","","DL-26-000561","","合格","2026/01/07","合格","","","0"
"G5620UR","㈱しまむら","","","","DL-26-000564","","合格","2026/01/07","合格","","","0"
"R5620UR","㈱しまむら","","","","DL-26-000565","","合格","2026/01/07","合格","","","0"
"RT63LPZ","㈱しまむら","","","","DL-26-000887","","合格","2026/01/09","合格(追試:合格)〈コメント有〉","","","0"
"A6551RR","㈱しまむら","2","","","DL-26-000916","合格","合格","2026/01/14","合格(追試:合格)","","","0"
"A4624DR","㈱しまむら","2","","","DL-26-001122","合格","合格","2026/01/12","合格(追試:合格)〈コメント有〉","","","0"
"RT63TPZ/1010","㈱しまむら","1","","KDW 大連万林進出口有限公司","DL-26-001150-1","合格","合格","2026/01/12","合格〈コメント有〉","","","0"
"RT63TPZ/21*21T/C","㈱しまむら","1","","KDW 大連万林進出口有限公司","DL-26-001150-2","合格","合格","2026/01/12","合格(追試:合格)","","","0"
"456351R","㈱しまむら","","","","DL-26-001299","","合格","2026/01/13","合格(追試:合格)","","","0"
"4062B8R","㈱しまむら","2","","","DL-26-001316","合格","合格","2026/01/13","合格(追試:合格)","","","0"
"43637HA","㈱しまむら","1","","","DL-26-001443","合格","合格","2026/01/14","","","","0"
"43630HA","㈱しまむら","1","","","DL-26-001445","合格","合格","2026/01/14","","","","0"
"43630GA","㈱しまむら","1","","","DL-26-001447","合格","合格","2026/01/14","","","","0"
"41638HA","㈱しまむら","1","","","DL-26-001455","合格","合格","2026/01/14","","","","0"
"43631GA","㈱しまむら","2","","","DL-26-001456","合格","合格","2026/01/14","","","","0"
"41620AR","㈱しまむら","1","","","DL-26-001468","合格","合格","2026/01/14","","","","0"
"406298RR","㈱しまむら","1","","","DL-26-001469","合格","合格","2026/01/14","","","","0"
"A6621DR","㈱しまむら","6","","","DL-26-000735","合格","合格","2026/01/08","合格(追試:合格)〈コメント有〉","","","0"
"A6350W","㈱しまむら","2","","","DL-26-000740","合格","合格","2026/01/08","合格(追試:合格)","","","0"
"RT637PZ","㈱しまむら","","","","DL-26-000968","","合格","2026/01/09","合格〈コメント有〉","","","0"
"C5630RR/C5631RRR/C5633RR","㈱しまむら","9","","","DL-26-001071-1","合格","合格","2026/01/12","","","","0"
"C4623MA","㈱しまむら","3","","","DL-26-001077","合格","合格","2026/01/12","合格(追試:合格)","","","0"
"RT63MPZ","㈱しまむら","","","","DL-26-001098","","合格","2026/01/12","合格(追試:合格)","","","0"
"A4320WR","㈱しまむら","3","","","DL-26-001131","合格","合格","2026/01/12","合格(追試:合格)〈コメント有〉","","","0"
"A6322WR","㈱しまむら","2","","","DL-26-001158","合格","合格","2026/01/12","合格(追試:合格)〈コメント有〉","","","0"
"A4353W","㈱しまむら","2","","","DL-26-001165","合格","合格","2026/01/12","合格(追試:合格)","","","0"
"436302A","㈱しまむら","2","","","DL-26-001282","合格","合格","2026/01/13","","","","0"
"43639HA","㈱しまむら","1","","","DL-26-001287","合格","合格","2026/01/13","","","","0"
"X4623MR/X5630MR/X4622MR","㈱しまむら","3","","","DL-26-001297","合格","合格","2026/01/13","","","","0"
"A4320WR/A4353W/A4550PR/A4622PR/A4623RR/A4624DR/A6322WR/A6350W/A6621DR/A6621PR/A6551RR/A6620RR","㈱しまむら","9","","","DL-25-036901","合格","合格","2025/12/31","","","","0"
"A5622MR/A5624PR/A5622PR/A5623RR","㈱しまむら","5","","","DL-26-000162","合格","合格","2026/01/04","","","","0"
"X5630WR/X5632WR/X5633WR/X5630MR/X4622MR","㈱しまむら","5","","","DL-26-000498","合格","合格","2026/01/07","","","","0"
"3162AHR","㈱しまむら","4","","","DL-26-000879","合格","合格","2026/01/09","合格","","","0"
"RT63RPZ","㈱しまむら","1","","","DL-26-000891","合格","合格","2026/01/09","合格〈コメント有〉","","","0"
"G4630WR/DL1480","㈱しまむら","1","","KDW 大連万林進出口有限公司","DL-26-000947","合格","合格","2026/01/09","合格(追試:合格)〈コメント有〉","","","0"
"416268R","㈱しまむら","1","","","DL-26-001003","合格","合格","2026/01/12","","","","0"
"416248R","㈱しまむら","1","","","DL-26-001008","合格","合格","2026/01/12","","","","0"
"406278R","㈱しまむら","1","","","DL-26-001013","合格","合格","2026/01/12","","","","0"
"416288R","㈱しまむら","1","","","DL-26-001016","合格","合格","2026/01/12","","","","0"
"416258R","㈱しまむら","1","","","DL-26-001017","合格","合格","2026/01/12","","","","0"
"406258R","㈱しまむら","1","","","DL-26-001022","合格","合格","2026/01/12","","","","0"
"406268R","㈱しまむら","1","","","DL-26-001023","合格","合格","2026/01/12","","","","0"
"406298R","㈱しまむら","4","","","DL-26-001043","合格","合格","2026/01/12","","","","0"
"406258R/406268R/406278R","㈱しまむら","1","","","DL-26-001046","合格","合格","2026/01/12","","","","0"
"40634HA/40635HA/40630HA/406302A/406312A","㈱しまむら","1","","","DL-26-001052","合格","合格","2026/01/12","","","","0"
"40631HA","㈱しまむら","1","","","DL-26-001053","合格","合格","2026/01/12","","","","0"
"456341R","㈱しまむら","1","","","DL-26-001055","合格","合格","2026/01/12","","","","0"
"416278R","㈱しまむら","1","","","DL-26-001062","合格","合格","2026/01/12","","","","0"
"416338R","㈱しまむら","2","","","DL-26-001063","合格","合格","2026/01/12","","","","0"
"Y1621QC","㈱しまむら","4","","","DL-25-036695","合格","合格","2026/01/09","合格","","","0"
"Y463UMA","㈱しまむら","6","","","DL-26-000390","合格","合格","2026/01/09","合格(追試:合格)","","","0"
"430014E/430015E/430016E/430017E/430018E/430019E/430808F/430809F/430810F/430811F/430021L/430020L/430022L/HS224019BT","㈱しまむら","","","KDW 大連万林進出口有限公司","DL-26-000705","","合格","2026/01/08","合格","","","0"
"R5633PZ/G5630PZ","㈱しまむら","10","","","DL-26-000733-1","合格","合格","2026/01/08","","","","0"
"410041E","㈱しまむら","2","","KDW 大連万林進出口有限公司","DL-26-000760","合格","合格","2026/01/08","合格(追試:合格)〈コメント有〉","","","0"
"RT63CPZ/1010","㈱しまむら","1","","KDW 大連万林進出口有限公司","DL-26-000765-1","合格","合格","2026/01/08","合格〈コメント有〉","","","0"
"RT63CPZ/21*21T/C","㈱しまむら","1","","KDW 大連万林進出口有限公司","DL-26-000765-2","合格","合格","2026/01/08","合格(追試:合格)","","","0"
"41620ER","㈱しまむら","1","","","DL-26-000870","合格","合格","2026/01/09","合格(追試:合格)","","","0"
"X5631MR/A5620DR/A5620WR/A5623PR/A5623RR/A5624ER/A5624RR/A5625ER/A5625RR/A5626ER/A5626RR/A5627ER/A5621MR/A5622RR/A5623ER","㈱しまむら","12","","","DL-25-036634","合格","合格","2025/12/29","","","","0"
"C6626MA","㈱しまむら","5","","","DL-26-000124","合格","合格","2026/01/04","合格(追試:合格)〈コメント有〉","","","0"
"4462AHR","㈱しまむら","6","","","DL-26-000417","合格","合格","2026/01/06","合格(追試:合格)","","","0"
"C4622MA","㈱しまむら","2","","","DL-26-000557","合格","合格","2026/01/07","合格(追試:合格)〈コメント有〉","","","0"
"410039E/YL22066","㈱しまむら","2","","KDW 大連万林進出口有限公司","DL-26-000596","合格","合格","2026/01/07","合格(追試:合格)〈コメント有〉","","","0"
"410040E/YL22066","㈱しまむら","2","","KDW 大連万林進出口有限公司","DL-26-000599","合格","合格","2026/01/07","合格(追試:合格)〈コメント有〉","","","0"
"410038E/YL22066","㈱しまむら","2","","","DL-26-000601","合格","合格","2026/01/07","合格(追試:合格)〈コメント有〉","","","0"
"X4620WR/C4630MA/C4623MA/C4631MA/C6629MA","㈱しまむら","1","","","DL-26-000701-1","合格","合格","2026/01/08","","","","0"
"R5620UR","㈱しまむら","","","","DL-26-000260","","合格","2026/01/05","合格","","","0"
"456221R","㈱しまむら","","","","DL-26-000404","","合格","2026/01/06","合格(追試:合格)","","","0"
"4062B8R","㈱しまむら","4","","","DL-26-000505","合格","合格","2026/01/07","","","","0"
"A4623RR/A6620RR","㈱しまむら","3","","","DL-25-036906","合格","合格","2025/12/31","","","","0"
"R4620UR","㈱しまむら","","","","DL-26-000127","","合格","2026/01/04","合格","","","0"
"G4620UR","㈱しまむら","","","","DL-26-000132","","合格","2026/01/04","合格〈コメント有〉","","","0"
"G5621UR","㈱しまむら","","","","DL-26-000133","","合格","2026/01/04","合格〈コメント有〉","","","0"
"G5620UR","㈱しまむら","1","","","DL-26-000134-1","合格","合格","2026/01/04","合格","","","0"
"G5620UR","㈱しまむら","1","","","DL-26-000134-2","合格","合格","2026/01/04","合格〈コメント有〉","","","0"
"G4621UR","㈱しまむら","","","","DL-26-000135","","合格","2026/01/04","合格","","","0"
"R5621UR","㈱しまむら","","","","DL-26-000149","","合格","2026/01/04","合格〈コメント有〉","","","0"
"R5620UR/R5621UR/G5620UR/G5621UR","㈱しまむら","3","","","DL-26-000185","合格","合格","2026/01/04","","","","0"
"R4621UR","㈱しまむら","","","","DL-26-000254","","合格","2026/01/05","合格〈コメント有〉","","","0"
"4062BHR","㈱しまむら","4","","","DL-26-000256","合格","合格","2026/01/05","合格(追試:合格)","","","0"
"40622GR","㈱しまむら","1","","","DL-26-000258","合格","合格","2026/01/05","合格(追試:合格)〈コメント有〉","","","0"
"EM630YR/EM631YR","㈱しまむら","1","","","DL-26-000460","合格","合格","2026/01/06","","","","0"
"Y1621QC","㈱しまむら","3","","","DL-25-035358-1","合格","合格","2025/12/17","","","","0"
"Z3520QR","㈱しまむら","4","","","DL-25-036108","合格","合格","2025/12/24","合格(追試:合格)","","","0"
"A5630ZR","㈱しまむら","","","","DL-25-036256","","合格","2026/01/05","合格(追試:合格)","","","0"
"A5631ZR","㈱しまむら","","","","DL-25-036262","","合格","2026/01/05","合格(追試:合格)","","","0"
"A4630SR","㈱しまむら","3","","","DL-25-036656","合格","合格","2025/12/29","合格(追試:合格)","","","0"
"40620GA","㈱しまむら","1","","","DL-26-000092","合格","合格","2026/01/04","合格(追試:合格)","","","0"
"C6628MA","㈱しまむら","5","","","DL-26-000098","合格","合格","2026/01/04","合格〈コメント有〉","","","0"
"40621GA","㈱しまむら","1","","","DL-26-000101","合格","合格","2026/01/04","合格(追試:合格)","","","0"
"40623HA","㈱しまむら","1","","","DL-26-000117","合格","合格","2026/01/04","合格(追試:合格)","","","0"
"40624HA","㈱しまむら","1","","","DL-26-000119","合格","合格","2026/01/04","合格(追試:合格)","","","0"
"40625HA","㈱しまむら","1","","","DL-26-000121","合格","合格","2026/01/04","合格(追試:合格)","","","0"
"C5623MA","㈱しまむら","1","","","DL-26-000128","合格","合格","2026/01/04","合格〈コメント有〉","","","0"
"4062AGR","㈱しまむら","1","","","DL-26-000210","合格","合格","2026/01/05","","","","0"
"A5630RR","㈱しまむら","4","","","DL-25-036681","合格","合格","2025/12/29","合格(追試:合格)","","","0"
"A4630SR/A5630ZR/A5631ZR","㈱しまむら","9","","","DL-25-036761","合格","合格","2025/12/29","","","","0"
"4062AGR","㈱しまむら","1","","","DL-26-000002","合格","合格","2026/01/04","","","","0"
"C5624MA/C5630MA/C5631MA/C5632MA/C5633MA/C5634MA/C5635MA","㈱しまむら","10","","","DL-26-000018-1","合格","合格","2026/01/04","","","","0"
"X4620WR/C4630MA/C4623MA/C4631MA/C6629MA","㈱しまむら","8","","","DL-26-000029-1","合格","合格","2026/01/04","","","","0"
"40622HA","㈱しまむら","1","","","DL-26-000113","合格","合格","2026/01/04","合格(追試:合格)","","","0"
"G4620UR/G4621UR/R4620UR/R4621UR","㈱しまむら","4","","","DL-25-036635-1","合格","合格","2025/12/31","","","","0"
"A1621RR/A4624RR","㈱しまむら","2","","","DL-25-036747","合格","合格","2025/12/29","","","","0"
"410020V/CL-180604","㈱しまむら","2","","KDW 大連万林進出口有限公司","DL-25-036865","合格","合格","2025/12/31","合格(追試:合格)〈コメント有〉","","","0"
